CandidateId,PositionThresholdM,AttitudeThresholdDeg,VelocityThresholdMps,BodyRateThresholdRadps,GrowthFactor,MinimumConsecutiveGrowthSteps,CandidateStepCount,EligibleStepCount,EligibleStepFraction,PositiveStepCount,PositiveStepFractionAll,PositiveEligibleFraction,PositiveOnsetCount,PositiveEpisodeCount,PositiveEpisodeFraction,PositiveCellCount,PositiveFamilyCount,AbsoluteForecastPositiveCount,SafetyForecastPositiveCount,GrowthOnlyPositiveCount,LeadMeanSteps,LeadP50Steps,LeadP95Steps
C001,0.1,5,0.3,1,1.25,3,477900,465795,0.974670433145009,33563,0.0702301736765014,0.0720553032986614,2790,1042,0.385925925925926,122,5,12076,764,21427,16.1178083008074,20,20
C002,0.1,5,0.3,1,1.25,5,477900,465795,0.974670433145009,32215,0.0674094998953756,0.0691613263345463,2538,1025,0.37962962962963,117,5,12076,764,20079,15.9553624088158,20,20
C003,0.1,5,0.3,1,1.5,3,477900,465795,0.974670433145009,27156,0.0568236032642812,0.0583003252503784,2456,969,0.358888888888889,120,5,12076,764,15020,15.2018706731477,20,20
C004,0.1,5,0.3,1,1.5,5,477900,465795,0.974670433145009,26617,0.0556957522494246,0.0571431638381691,2263,956,0.354074074074074,114,5,12076,764,14481,15.1047075177518,20,20
C005,0.1,5,0.3,1,2,3,477900,465795,0.974670433145009,20205,0.0422787193973635,0.0433774514539658,1883,746,0.276296296296296,113,5,12076,764,8069,13.5512001979708,16,20
C006,0.1,5,0.3,1,2,5,477900,465795,0.974670433145009,19952,0.0417493199414103,0.0428342940563982,1757,733,0.271481481481481,107,5,12076,764,7816,13.4694266238974,16,20
C007,0.1,5,0.5,1,1.25,3,477900,465928,0.974948734044779,34064,0.0712785101485666,0.0731100084133171,2877,1066,0.394814814814815,123,5,12197,764,21807,16.1257045561296,20,20
C008,0.1,5,0.5,1,1.25,5,477900,465928,0.974948734044779,32644,0.0683071772337309,0.0700623272265243,2607,1051,0.389259259259259,118,5,12197,764,20387,15.9571743658865,20,20
C009,0.1,5,0.5,1,1.5,3,477900,465928,0.974948734044779,27512,0.0575685289809584,0.0590477498669322,2501,979,0.362592592592593,120,5,12197,764,15255,15.2030386740331,20,20
C010,0.1,5,0.5,1,1.5,5,477900,465928,0.974948734044779,26961,0.0564155681104834,0.0578651637162823,2307,969,0.358888888888889,114,5,12197,764,14704,15.1050035236082,20,20
C011,0.1,5,0.5,1,2,3,477900,465928,0.974948734044779,20293,0.0424628583385646,0.0435539396644975,1904,744,0.275555555555556,114,5,12197,764,8036,13.4965751737052,16,20
C012,0.1,5,0.5,1,2,5,477900,465928,0.974948734044779,20045,0.0419439213224524,0.0430216685839872,1785,738,0.273333333333333,110,5,12197,764,7788,13.4161137440758,16,20
C013,0.1,5,0.75,1,1.25,3,477900,465928,0.974948734044779,34154,0.0714668340657041,0.0733031713054377,2919,1074,0.397777777777778,123,5,12197,764,21897,16.1359138021901,20,20
C014,0.1,5,0.75,1,1.25,5,477900,465928,0.974948734044779,32750,0.0685289809583595,0.0702898301883553,2638,1062,0.393333333333333,118,5,12197,764,20493,15.9702595419847,20,20
C015,0.1,5,0.75,1,1.5,3,477900,465928,0.974948734044779,27639,0.057834274952919,0.0593203241702581,2527,989,0.366296296296296,121,5,12197,764,15382,15.2250805021889,20,20
C016,0.1,5,0.75,1,1.5,5,477900,465928,0.974948734044779,27071,0.0566457417869847,0.0581012516955409,2321,981,0.363333333333333,116,5,12197,764,14814,15.124893797791,20,20
C017,0.1,5,0.75,1,2,3,477900,465928,0.974948734044779,20336,0.0425528353211969,0.0436462286018441,1937,753,0.278888888888889,114,5,12197,764,8079,13.5103265145555,16,20
C018,0.1,5,0.75,1,2,5,477900,465928,0.974948734044779,20088,0.0420338983050847,0.0431139575213338,1814,746,0.276296296296296,110,5,12197,764,7831,13.4302070888092,16,20
C019,0.1,5,1,1,1.25,3,477900,465928,0.974948734044779,34211,0.0715861058798912,0.0734255078037808,2945,1080,0.4,123,5,12197,764,21954,16.1423518751279,20,20
C020,0.1,5,1,1,1.25,5,477900,465928,0.974948734044779,32781,0.0685938480853735,0.0703563640734191,2651,1065,0.394444444444444,118,5,12197,764,20524,15.974070345627,20,20
C021,0.1,5,1,1,1.5,3,477900,465928,0.974948734044779,27708,0.0579786566227244,0.0594684157208839,2551,997,0.369259259259259,121,5,12197,764,15451,15.2369712718348,20,20
C022,0.1,5,1,1,1.5,5,477900,465928,0.974948734044779,27139,0.0567880309688219,0.0582471969918099,2342,989,0.366296296296296,116,5,12197,764,14882,15.1371089575887,20,20
C023,0.1,5,1,1,2,3,477900,465928,0.974948734044779,20369,0.0426218874241473,0.0437170549956216,1942,754,0.279259259259259,116,5,12197,764,8112,13.5208404929059,16,20
C024,0.1,5,1,1,2,5,477900,465928,0.974948734044779,20115,0.042090395480226,0.04317190638897,1819,746,0.276296296296296,111,5,12197,764,7858,13.439025602784,16,20
C025,0.1,10,0.3,1,1.25,3,477900,466482,0.976107972379159,32071,0.0671081816279556,0.0687507770932212,2623,976,0.361481481481481,121,5,12094,780,19916,15.8985064388388,20,20
C026,0.1,10,0.3,1,1.25,5,477900,466482,0.976107972379159,30755,0.0643544674618121,0.0659296607371774,2375,953,0.352962962962963,118,5,12094,780,18600,15.7230043895302,20,20
C027,0.1,10,0.3,1,1.5,3,477900,466482,0.976107972379159,24669,0.0516195856873823,0.052883069443194,2196,822,0.304444444444444,117,5,12094,780,12514,14.6678422311403,20,20
C028,0.1,10,0.3,1,1.5,5,477900,466482,0.976107972379159,24245,0.050732370788868,0.0519741383375993,2029,808,0.299259259259259,113,5,12094,780,12090,14.5745926995257,20,20
C029,0.1,10,0.3,1,2,3,477900,466482,0.976107972379159,17831,0.0373111529608705,0.0382244116600426,1710,601,0.222592592592593,113,5,12094,780,5676,12.6230160955639,14,20
C030,0.1,10,0.3,1,2,5,477900,466482,0.976107972379159,17637,0.0369052102950408,0.0378085328051243,1601,586,0.217037037037037,110,5,12094,780,5482,12.5418722004876,13,20
C031,0.1,10,0.5,1,1.25,3,477900,466647,0.976453232893911,31836,0.06661644695543,0.0682228751068795,2608,986,0.365185185185185,120,5,11909,781,19866,15.9571240105541,20,20
C032,0.1,10,0.5,1,1.25,5,477900,466647,0.976453232893911,30591,0.0640112994350282,0.0655549055281615,2349,967,0.358148148148148,116,5,11909,781,18621,15.792586054722,20,20
C033,0.1,10,0.5,1,1.5,3,477900,466647,0.976453232893911,24493,0.0512513078049801,0.0524872119610755,2186,846,0.313333333333333,118,5,11909,781,12523,14.7450700200057,20,20
C034,0.1,10,0.5,1,1.5,5,477900,466647,0.976453232893911,24037,0.0502971332914836,0.0515100279226053,2012,834,0.308888888888889,114,5,11909,781,12067,14.6453800391064,20,20
C035,0.1,10,0.5,1,2,3,477900,466647,0.976453232893911,17576,0.036777568528981,0.0376644444301581,1670,594,0.22,110,5,11909,781,5606,12.6770027309968,14,20
C036,0.1,10,0.5,1,2,5,477900,466647,0.976453232893911,17358,0.0363214061519146,0.0371972818854509,1553,584,0.216296296296296,107,5,11909,781,5388,12.5850328378845,14,20
C037,0.1,10,0.75,1,1.25,3,477900,466648,0.976455325381879,31795,0.066530654948734,0.0681348682518729,2635,997,0.369259259259259,120,5,11910,781,19824,15.95134455103,20,20
C038,0.1,10,0.75,1,1.25,5,477900,466648,0.976455325381879,30571,0.0639694496756644,0.0655119061905333,2358,979,0.362592592592593,115,5,11910,781,18600,15.789244709038,20,20
C039,0.1,10,0.75,1,1.5,3,477900,466648,0.976455325381879,24561,0.0513935969868173,0.0526328195984982,2209,860,0.318518518518519,119,5,11910,781,12590,14.7588860388421,20,20
C040,0.1,10,0.75,1,1.5,5,477900,466648,0.976455325381879,24077,0.0503808328102113,0.0515956352539816,2022,847,0.313703703703704,113,5,11910,781,12106,14.653528263488,20,20
C041,0.1,10,0.75,1,2,3,477900,466648,0.976455325381879,17635,0.0369010253191044,0.0377907973461796,1704,610,0.225925925925926,111,5,11910,781,5664,12.7004819960306,14,20
C042,0.1,10,0.75,1,2,5,477900,466648,0.976455325381879,17397,0.0364030131826742,0.0372807769453635,1570,599,0.221851851851852,107,5,11910,781,5426,12.6006207966891,14,20
C043,0.1,10,1,1,1.25,3,477900,466648,0.976455325381879,31787,0.0665139150449885,0.0681177247089884,2631,998,0.36962962962963,120,5,11910,781,19816,15.950325604807,20,20
C044,0.1,10,1,1,1.25,5,477900,466648,0.976455325381879,30578,0.0639840970914417,0.0655269067905573,2356,980,0.362962962962963,114,5,11910,781,18607,15.7902086467395,20,20
C045,0.1,10,1,1,1.5,3,477900,466648,0.976455325381879,24567,0.0514061519146265,0.0526456772556617,2223,865,0.32037037037037,119,5,11910,781,12596,14.760166076444,20,20
C046,0.1,10,1,1,1.5,5,477900,466648,0.976455325381879,24076,0.0503787403222431,0.051593492311121,2031,852,0.315555555555556,113,5,11910,781,12105,14.6533061970427,20,20
C047,0.1,10,1,1,2,3,477900,466648,0.976455325381879,17655,0.0369428750784683,0.037833656203391,1708,613,0.227037037037037,111,5,11910,781,5684,12.7087510620221,14,20
C048,0.1,10,1,1,2,5,477900,466648,0.976455325381879,17398,0.0364051056706424,0.0372829198882241,1570,603,0.223333333333333,107,5,11910,781,5427,12.6010460972526,14,20
C049,0.1,15,0.3,1,1.25,3,477900,466514,0.976174931994141,31716,0.0663653483992467,0.0679850979820541,2635,962,0.356296296296296,120,5,12126,782,19529,15.8343738176315,20,20
C050,0.1,15,0.3,1,1.25,5,477900,466514,0.976174931994141,30360,0.0635279347143754,0.065078432801588,2361,933,0.345555555555556,118,5,12126,782,18173,15.6483201581028,20,20
C051,0.1,15,0.3,1,1.5,3,477900,466514,0.976174931994141,24245,0.050732370788868,0.0519705732303854,2203,799,0.295925925925926,117,5,12126,782,12058,14.5507527325222,20,20
C052,0.1,15,0.3,1,1.5,5,477900,466514,0.976174931994141,23799,0.0497991211550534,0.0510145461872527,2025,782,0.28962962962963,113,5,12126,782,11612,14.4486322954746,20,20
C053,0.1,15,0.3,1,2,3,477900,466514,0.976174931994141,17391,0.036390458254865,0.0372786240069966,1690,577,0.213703703703704,113,5,12126,782,5204,12.4031395549422,13,20
C054,0.1,15,0.3,1,2,5,477900,466514,0.976174931994141,17205,0.0360012554927809,0.0368799221459592,1578,560,0.207407407407407,109,5,12126,782,5018,12.3210113339146,13,20
C055,0.1,15,0.5,1,1.25,3,477900,466691,0.976545302364511,31253,0.0653965264699728,0.0669672224234022,2610,971,0.35962962962963,120,5,11953,783,19239,15.8563017950277,20,20
C056,0.1,15,0.5,1,1.25,5,477900,466691,0.976545302364511,29948,0.0626658296714794,0.0641709396581464,2313,950,0.351851851851852,117,5,11953,783,17934,15.6757379457727,20,20
C057,0.1,15,0.5,1,1.5,3,477900,466691,0.976545302364511,23954,0.0501234567901235,0.0513273236466956,2201,818,0.302962962962963,117,5,11953,783,11940,14.5936795524756,20,20
C058,0.1,15,0.5,1,1.5,5,477900,466691,0.976545302364511,23477,0.0491253400292948,0.0503052340842228,2006,804,0.297777777777778,114,5,11953,783,11463,14.4838352430038,20,20
C059,0.1,15,0.5,1,2,3,477900,466691,0.976545302364511,17147,0.0358798911906257,0.0367416556136716,1668,584,0.216296296296296,109,5,11953,783,5133,12.4474835248148,13,20
C060,0.1,15,0.5,1,2,5,477900,466691,0.976545302364511,16926,0.0354174513496547,0.03626810887718,1548,571,0.211481481481481,107,5,11953,783,4912,12.348871558549,13,20
C061,0.1,15,0.75,1,1.25,3,477900,466692,0.97654739485248,31230,0.0653483992467043,0.0669177958910802,2651,984,0.364444444444444,120,5,11954,783,19215,15.8526737111752,20,20
C062,0.1,15,0.75,1,1.25,5,477900,466692,0.97654739485248,29920,0.06260724000837,0.0641108054134204,2322,956,0.354074074074074,114,5,11954,783,17905,15.6710895721925,20,20
C063,0.1,15,0.75,1,1.5,3,477900,466692,0.97654739485248,23948,0.0501109018623143,0.051314357220608,2215,837,0.31,118,5,11954,783,11933,14.5915734090529,20,20
C064,0.1,15,0.75,1,1.5,5,477900,466692,0.97654739485248,23477,0.0491253400292948,0.0503051262931441,2018,819,0.303333333333333,114,5,11954,783,11462,14.4830685351621,20,20
C065,0.1,15,0.75,1,2,3,477900,466692,0.97654739485248,17168,0.0359238334379577,0.0367865744431017,1676,591,0.218888888888889,109,5,11954,783,5153,12.4556733457596,13,20
C066,0.1,15,0.75,1,2,5,477900,466692,0.97654739485248,16957,0.0354823184766688,0.0363344561295244,1549,575,0.212962962962963,107,5,11954,783,4942,12.3617974877632,13,20
C067,0.1,15,1,1,1.25,3,477900,466692,0.97654739485248,31205,0.0652960870474995,0.0668642273705142,2650,987,0.365555555555556,120,5,11954,783,19190,15.8493510655344,20,20
C068,0.1,15,1,1,1.25,5,477900,466692,0.97654739485248,29915,0.062596777568529,0.0641000917093072,2327,957,0.354444444444444,113,5,11954,783,17900,15.6703660371051,20,20
C069,0.1,15,1,1,1.5,3,477900,466692,0.97654739485248,23945,0.0501046243984097,0.0513079289981401,2226,840,0.311111111111111,117,5,11954,783,11930,14.5908958028816,20,20
C070,0.1,15,1,1,1.5,5,477900,466692,0.97654739485248,23452,0.04907302783009,0.0502515577725781,2021,820,0.303703703703704,112,5,11954,783,11437,14.4771874466996,20,20
C071,0.1,15,1,1,2,3,477900,466692,0.97654739485248,17200,0.0359907930529399,0.0368551421494262,1688,595,0.22037037037037,110,5,11954,783,5185,12.4697093023256,13,20
C072,0.1,15,1,1,2,5,477900,466692,0.97654739485248,16970,0.0355095208202553,0.0363623117602187,1550,579,0.214444444444444,106,5,11954,783,4955,12.3676487919859,13,20
C073,0.1,20,0.3,1,1.25,3,477900,466523,0.976193764385855,31541,0.0659991630048127,0.0676086709551298,2644,954,0.353333333333333,119,5,12135,782,19345,15.8058400177547,20,20
C074,0.1,20,0.3,1,1.25,5,477900,466523,0.976193764385855,30153,0.0630947897049592,0.0646334693037642,2366,927,0.343333333333333,117,5,12135,782,17957,15.6127748482738,20,20
C075,0.1,20,0.3,1,1.5,3,477900,466523,0.976193764385855,24067,0.0503599079305294,0.0515880245990016,2218,794,0.294074074074074,117,5,12135,782,11871,14.503344829019,20,20
C076,0.1,20,0.3,1,1.5,5,477900,466523,0.976193764385855,23583,0.0493471437539234,0.0505505623516954,2030,779,0.288518518518519,114,5,12135,782,11387,14.3905355552729,20,20
C077,0.1,20,0.3,1,2,3,477900,466523,0.976193764385855,17249,0.0360933249633815,0.0369735254210403,1701,572,0.211851851851852,112,5,12135,782,5053,12.3306858368601,13,20
C078,0.1,20,0.3,1,2,5,477900,466523,0.976193764385855,17042,0.0356601799539653,0.0365298173937834,1582,556,0.205925925925926,110,5,12135,782,4846,12.2375308062434,13,20
C079,0.1,20,0.5,1,1.25,3,477900,466708,0.976580874659971,31035,0.0649403640929065,0.0664976816339124,2629,964,0.357037037037037,120,5,11970,783,19004,15.8170130497825,20,20
C080,0.1,20,0.5,1,1.25,5,477900,466708,0.976580874659971,29669,0.0620820255283532,0.063570798015033,2297,938,0.347407407407407,115,5,11970,783,17638,15.6244227982069,20,20
C081,0.1,20,0.5,1,1.5,3,477900,466708,0.976580874659971,23757,0.0497112366603892,0.0509033485605561,2219,813,0.301111111111111,117,5,11970,783,11726,14.5355474176032,20,20
C082,0.1,20,0.5,1,1.5,5,477900,466708,0.976580874659971,23232,0.0486126804770873,0.0497784481945885,1998,794,0.294074074074074,113,5,11970,783,11201,14.4120609504132,20,20
C083,0.1,20,0.5,1,2,3,477900,466708,0.976580874659971,17034,0.0356434400502197,0.0364981958740797,1673,579,0.214444444444444,109,5,11970,783,5003,12.3788305741458,13,20
C084,0.1,20,0.5,1,2,5,477900,466708,0.976580874659971,16805,0.0351642603055032,0.0360075250477815,1543,562,0.208148148148148,107,5,11970,783,4774,12.2749776852127,13,20
C085,0.1,20,0.75,1,1.25,3,477900,466709,0.976582967147939,30971,0.064806444862942,0.0663604087343505,2650,977,0.361851851851852,120,5,11971,783,18939,15.8077879306448,20,20
C086,0.1,20,0.75,1,1.25,5,477900,466709,0.976582967147939,29647,0.0620359907930529,0.0635235232232505,2300,947,0.350740740740741,114,5,11971,783,17615,15.6205686916045,20,20
C087,0.1,20,0.75,1,1.5,3,477900,466709,0.976582967147939,23733,0.0496610169491525,0.0508518155853005,2226,829,0.307037037037037,118,5,11971,783,11701,14.5292630514474,20,20
C088,0.1,20,0.75,1,1.5,5,477900,466709,0.976582967147939,23233,0.0486147729650555,0.0497804841989334,2007,808,0.299259259259259,114,5,11971,783,11201,14.4115267077003,20,20
C089,0.1,20,0.75,1,2,3,477900,466709,0.976582967147939,17022,0.0356183301946014,0.0364724057174813,1681,586,0.217037037037037,110,5,11971,783,4990,12.372400422982,13,20
C090,0.1,20,0.75,1,2,5,477900,466709,0.976582967147939,16801,0.0351558903536305,0.0359988772447071,1547,571,0.211481481481481,108,5,11971,783,4769,12.2720671388608,13,20
C091,0.1,20,1,1,1.25,3,477900,466709,0.976582967147939,30945,0.064752040175769,0.0663046995022594,2654,980,0.362962962962963,120,5,11971,783,18913,15.8042656325739,20,20
C092,0.1,20,1,1,1.25,5,477900,466709,0.976582967147939,29660,0.0620631931366395,0.063551377839296,2314,949,0.351481481481482,114,5,11971,783,17628,15.6224881995954,20,20
C093,0.1,20,1,1,1.5,3,477900,466709,0.976582967147939,23715,0.049623352165725,0.0508132476553913,2225,832,0.308148148148148,117,5,11971,783,11683,14.5251106894371,20,20
C094,0.1,20,1,1,1.5,5,477900,466709,0.976582967147939,23220,0.0485875706214689,0.0497526295828878,2005,811,0.30037037037037,113,5,11971,783,11188,14.4083979328165,20,20
C095,0.1,20,1,1,2,3,477900,466709,0.976582967147939,17039,0.0356539024900607,0.0365088309846178,1690,591,0.218888888888889,109,5,11971,783,5007,12.3800105640002,13,20
C096,0.1,20,1,1,2,5,477900,466709,0.976582967147939,16814,0.035183092697217,0.0360267318607526,1550,575,0.212962962962963,107,5,11971,783,4782,12.2780421077673,13,20
C097,0.15,5,0.3,1,1.25,3,477900,474719,0.993343795773174,22912,0.0479430843272651,0.0482643416421083,2326,779,0.288518518518519,118,5,8840,764,14012,15.7424930167598,20,20
C098,0.15,5,0.3,1,1.25,5,477900,474719,0.993343795773174,21902,0.045829671479389,0.0461367672244001,2092,769,0.284814814814815,114,5,8840,764,13002,15.5461601680212,20,20
C099,0.15,5,0.3,1,1.5,3,477900,474719,0.993343795773174,19224,0.040225988700565,0.0404955352534868,2129,731,0.270740740740741,117,5,8840,764,10324,14.9257178526841,20,20
C100,0.15,5,0.3,1,1.5,5,477900,474719,0.993343795773174,18638,0.0389997907512032,0.0392611207893512,1926,721,0.267037037037037,111,5,8840,764,9738,14.7661766283936,20,20
C101,0.15,5,0.3,1,2,3,477900,474719,0.993343795773174,14398,0.0301276417660598,0.0303295212536258,1607,571,0.211481481481481,111,5,8840,764,5498,13.2248923461592,15,20
C102,0.15,5,0.3,1,2,5,477900,474719,0.993343795773174,14119,0.0295438376229337,0.0297418051521005,1474,561,0.207777777777778,105,5,8840,764,5219,13.0910121113393,15,20
C103,0.15,5,0.5,1,1.25,3,477900,474860,0.99363883657669,23141,0.0484222640719816,0.0487322579286527,2382,784,0.29037037037037,120,5,8964,764,14117,15.7088284862366,20,20
C104,0.15,5,0.5,1,1.25,5,477900,474860,0.99363883657669,22062,0.0461644695543001,0.0464600092658889,2117,775,0.287037037037037,115,5,8964,764,13038,15.4989574834557,20,20
C105,0.15,5,0.5,1,1.5,3,477900,474860,0.99363883657669,19256,0.0402929483155472,0.0405508992123994,2123,716,0.265185185185185,117,5,8964,764,10232,14.8430619027835,20,20
C106,0.15,5,0.5,1,1.5,5,477900,474860,0.99363883657669,18669,0.0390646578782172,0.0393147453986438,1907,708,0.262222222222222,112,5,8964,764,9645,14.6809148856393,20,20
C107,0.15,5,0.5,1,2,3,477900,474860,0.99363883657669,14152,0.0296128897258841,0.0298024680958598,1571,541,0.20037037037037,112,5,8964,764,5128,12.9831825890334,15,20
C108,0.15,5,0.5,1,2,5,477900,474860,0.99363883657669,13891,0.0290667503661854,0.0292528324137641,1449,533,0.197407407407407,108,5,8964,764,4867,12.8513425959254,14,20
C109,0.15,5,0.75,1,1.25,3,477900,474860,0.99363883657669,23180,0.0485038711027412,0.0488143873983911,2390,783,0.29,121,5,8964,764,14156,15.7160483175151,20,20
C110,0.15,5,0.75,1,1.25,5,477900,474860,0.99363883657669,22117,0.0462795563925507,0.0465758328770585,2116,773,0.286296296296296,116,5,8964,764,13093,15.5101505629154,20,20
C111,0.15,5,0.75,1,1.5,3,477900,474860,0.99363883657669,19218,0.0402134337727558,0.0404708756265004,2117,709,0.262592592592593,117,5,8964,764,10194,14.8328650223749,20,20
C112,0.15,5,0.75,1,1.5,5,477900,474860,0.99363883657669,18646,0.0390165306549487,0.0392663100703365,1894,700,0.259259259259259,112,5,8964,764,9622,14.6743537487933,20,20
C113,0.15,5,0.75,1,2,3,477900,474860,0.99363883657669,14101,0.0295061728395062,0.029695068020048,1586,533,0.197407407407407,112,5,8964,764,5077,12.9578044110347,15,20
C114,0.15,5,0.75,1,2,5,477900,474860,0.99363883657669,13848,0.028976773383553,0.0291622794086678,1460,526,0.194814814814815,109,5,8964,764,4824,12.8291450028885,14,20
C115,0.15,5,1,1,1.25,3,477900,474860,0.99363883657669,23189,0.0485227034944549,0.0488333403529461,2397,781,0.289259259259259,121,5,8964,764,14165,15.717710983656,20,20
C116,0.15,5,1,1,1.25,5,477900,474860,0.99363883657669,22145,0.0463381460556602,0.046634797624563,2123,770,0.285185185185185,116,5,8964,764,13121,15.5158275005645,20,20
C117,0.15,5,1,1,1.5,3,477900,474860,0.99363883657669,19207,0.0401904164051057,0.0404477109042665,2118,709,0.262592592592593,118,5,8964,764,10183,14.8299057635237,20,20
C118,0.15,5,1,1,1.5,5,477900,474860,0.99363883657669,18641,0.0390060682151078,0.0392557806511393,1894,701,0.25962962962963,113,5,8964,764,9617,14.6729252722493,20,20
C119,0.15,5,1,1,2,3,477900,474860,0.99363883657669,14093,0.0294894329357606,0.0296782209493324,1584,531,0.196666666666667,112,5,8964,764,5069,12.9538068544668,15,20
C120,0.15,5,1,1,2,5,477900,474860,0.99363883657669,13842,0.0289642184557439,0.0291496441056311,1460,525,0.194444444444444,109,5,8964,764,4818,12.8260366998989,14,20
C121,0.15,10,0.3,1,1.25,3,477900,475578,0.995141242937853,18616,0.0389537560159029,0.0391439469445601,2038,619,0.229259259259259,115,5,8657,780,9898,14.7858831113021,20,20
C122,0.15,10,0.3,1,1.25,5,477900,475578,0.995141242937853,17699,0.0370349445490688,0.0372157669194117,1811,598,0.221481481481481,114,5,8657,780,8981,14.5157353522798,20,20
C123,0.15,10,0.3,1,1.5,3,477900,475578,0.995141242937853,14611,0.0305733417032852,0.0307226154279634,1750,500,0.185185185185185,114,5,8657,780,5893,13.3566490999932,16,20
C124,0.15,10,0.3,1,1.5,5,477900,475578,0.995141242937853,14182,0.0296756643649299,0.0298205551980958,1559,484,0.179259259259259,111,5,8657,780,5464,13.1556903116627,15,20
C125,0.15,10,0.3,1,2,3,477900,475578,0.995141242937853,10998,0.0230131826741996,0.023125544074789,1322,333,0.123333333333333,102,5,8657,780,2280,11.1742134933624,11,20
C126,0.15,10,0.3,1,2,5,477900,475578,0.995141242937853,10793,0.0225842226407198,0.0226944896525912,1201,318,0.117777777777778,100,5,8657,780,2075,11.0065783378115,10,20
C127,0.15,10,0.5,1,1.25,3,477900,475761,0.995524168236033,18245,0.0381774429797029,0.0383490870416028,1941,589,0.218148148148148,112,5,8434,781,9750,14.8648396821047,20,20
C128,0.15,10,0.5,1,1.25,5,477900,475761,0.995524168236033,17320,0.0362418916091233,0.0364048335193511,1679,563,0.208518518518519,107,5,8434,781,8825,14.5905889145497,20,20
C129,0.15,10,0.5,1,1.5,3,477900,475761,0.995524168236033,14172,0.029654739485248,0.0297880658565961,1646,464,0.171851851851852,107,5,8434,781,5677,13.3890064916737,16,20
C130,0.15,10,0.5,1,1.5,5,477900,475761,0.995524168236033,13721,0.0287110274115924,0.0288401108960171,1445,446,0.165185185185185,102,5,8434,781,5226,13.1717076014868,15,20
C131,0.15,10,0.5,1,2,3,477900,475761,0.995524168236033,10560,0.0220966729441306,0.0221960185891656,1238,307,0.113703703703704,95,5,8434,781,2065,11.1277462121212,11,20
C132,0.15,10,0.5,1,2,5,477900,475761,0.995524168236033,10332,0.0216195856873823,0.0217167863696268,1109,291,0.107777777777778,91,5,8434,781,1837,10.9319589624468,10,20
C133,0.15,10,0.75,1,1.25,3,477900,475762,0.995526260724001,18285,0.0382611424984306,0.0384330820872621,1925,589,0.218148148148148,112,5,8434,781,9790,14.8760732841127,20,20
C134,0.15,10,0.75,1,1.25,5,477900,475762,0.995526260724001,17384,0.0363758108390877,0.0365392780423825,1670,570,0.211111111111111,107,5,8434,781,8889,14.6105039116429,20,20
C135,0.15,10,0.75,1,1.5,3,477900,475762,0.995526260724001,14179,0.0296693869010253,0.0298027164842926,1645,465,0.172222222222222,107,5,8434,781,5684,13.3922702588335,16,20
C136,0.15,10,0.75,1,1.5,5,477900,475762,0.995526260724001,13695,0.0286566227244193,0.0287854011039133,1426,449,0.166296296296296,102,5,8434,781,5200,13.1587440671778,15,20
C137,0.15,10,0.75,1,2,3,477900,475762,0.995526260724001,10541,0.0220569156727349,0.0221560360011939,1227,303,0.112222222222222,93,5,8434,781,2046,11.1117541030263,11,20
C138,0.15,10,0.75,1,2,5,477900,475762,0.995526260724001,10304,0.0215609960242729,0.0216578877674131,1086,289,0.107037037037037,89,5,8434,781,1809,10.9073175465839,10,20
C139,0.15,10,1,1,1.25,3,477900,475762,0.995526260724001,18300,0.0382925298179535,0.0384646104564887,1921,589,0.218148148148148,112,5,8434,781,9805,14.8802732240437,20,20
C140,0.15,10,1,1,1.25,5,477900,475762,0.995526260724001,17348,0.0363004812722327,0.0364636099562386,1659,568,0.21037037037037,107,5,8434,781,8853,14.5993198063177,20,20
C141,0.15,10,1,1,1.5,3,477900,475762,0.995526260724001,14196,0.0297049591964846,0.0298384486360827,1650,465,0.172222222222222,107,5,8434,781,5701,13.4001831501831,16,20
C142,0.15,10,1,1,1.5,5,477900,475762,0.995526260724001,13696,0.0286587152123875,0.0287875029951951,1430,450,0.166666666666667,102,5,8434,781,5201,13.1592435747664,15,20
C143,0.15,10,1,1,2,3,477900,475762,0.995526260724001,10543,0.0220611006486713,0.0221602397837574,1226,305,0.112962962962963,95,5,8434,781,2048,11.1134401972873,11,20
C144,0.15,10,1,1,2,5,477900,475762,0.995526260724001,10291,0.0215337936806863,0.02163056318075,1087,292,0.108148148148148,92,5,8434,781,1796,10.8958313089107,10,20
C145,0.15,15,0.3,1,1.25,3,477900,475654,0.995300272023436,18324,0.0383427495291902,0.0385238009141098,2070,587,0.217407407407407,115,5,8733,782,9530,14.6274285090592,20,20
C146,0.15,15,0.3,1,1.25,5,477900,475654,0.995300272023436,17397,0.0364030131826742,0.0365749052882978,1813,567,0.21,114,5,8733,782,8603,14.3411507731218,20,20
C147,0.15,15,0.3,1,1.5,3,477900,475654,0.995300272023436,14108,0.0295208202552835,0.0296602151984426,1762,469,0.173703703703704,113,5,8733,782,5314,13.0219024666856,15,20
C148,0.15,15,0.3,1,1.5,5,477900,475654,0.995300272023436,13652,0.028566645741787,0.0287015351494994,1555,448,0.165925925925926,110,5,8733,782,4858,12.7888221506006,14,20
C149,0.15,15,0.3,1,2,3,477900,475654,0.995300272023436,10767,0.0225298179535468,0.0226362019451114,1353,314,0.116296296296296,100,5,8733,782,1973,10.8565988669081,10,20
C150,0.15,15,0.3,1,2,5,477900,475654,0.995300272023436,10541,0.0220569156727349,0.0221610666576966,1214,297,0.11,98,5,8733,782,1747,10.6605635138981,10,20
C151,0.15,15,0.5,1,1.25,3,477900,475860,0.995731324544884,17759,0.0371604938271605,0.0373197999411592,1949,549,0.203333333333333,111,5,8533,783,9165,14.6252604313306,20,20
C152,0.15,15,0.5,1,1.25,5,477900,475860,0.995731324544884,16801,0.0351558903536305,0.0353066027823309,1669,520,0.192592592592593,105,5,8533,783,8207,14.3187905481817,20,20
C153,0.15,15,0.5,1,1.5,3,477900,475860,0.995731324544884,13608,0.0284745762711864,0.0285966460723742,1654,423,0.156666666666667,106,5,8533,783,5014,12.9857436801881,15,20
C154,0.15,15,0.5,1,1.5,5,477900,475860,0.995731324544884,13130,0.0274743670223896,0.0275921489513723,1436,405,0.15,102,5,8533,783,4536,12.7303884234577,14,20
C155,0.15,15,0.5,1,2,3,477900,475860,0.995731324544884,10384,0.0217283950617284,0.0218215441516412,1271,289,0.107037037037037,92,5,8533,783,1790,10.8079738058552,10,20
C156,0.15,15,0.5,1,2,5,477900,475860,0.995731324544884,10155,0.0212492153170119,0.0213403101752616,1139,273,0.101111111111111,88,5,8533,783,1561,10.6006893156081,10,20
C157,0.15,15,0.75,1,1.25,3,477900,475861,0.995733417032852,17684,0.0370035572295459,0.037162112465615,1938,552,0.204444444444444,111,5,8533,783,9090,14.6024655055417,20,20
C158,0.15,15,0.75,1,1.25,5,477900,475861,0.995733417032852,16678,0.0348985143335426,0.035048049745619,1622,525,0.194444444444444,106,5,8533,783,8084,14.2768917136347,20,20
C159,0.15,15,0.75,1,1.5,3,477900,475861,0.995733417032852,13525,0.0283008997698263,0.0284221652961684,1644,422,0.156296296296296,105,5,8533,783,4931,12.9426987060998,15,20
C160,0.15,15,0.75,1,1.5,5,477900,475861,0.995733417032852,12987,0.0271751412429379,0.0272915830463097,1390,403,0.149259259259259,100,5,8533,783,4393,12.6503426503427,14,20
C161,0.15,15,0.75,1,2,3,477900,475861,0.995733417032852,10306,0.0215651810002092,0.0216575848829805,1246,287,0.106296296296296,90,5,8533,783,1712,10.7384048127304,10,20
C162,0.15,15,0.75,1,2,5,477900,475861,0.995733417032852,10074,0.0210797237915882,0.0211700475559039,1109,272,0.100740740740741,86,5,8533,783,1480,10.5251141552511,10,20
C163,0.15,15,1,1,1.25,3,477900,475861,0.995733417032852,17640,0.0369114877589454,0.0370696484897901,1936,556,0.205925925925926,114,5,8533,783,9046,14.5890022675737,20,20
C164,0.15,15,1,1,1.25,5,477900,475861,0.995733417032852,16631,0.0348001673990375,0.0349492814078061,1623,524,0.194074074074074,105,5,8533,783,8037,14.2607179363839,20,20
C165,0.15,15,1,1,1.5,3,477900,475861,0.995733417032852,13493,0.0282339401548441,0.0283549187682958,1635,419,0.155185185185185,105,5,8533,783,4899,12.9259616097236,15,20
C166,0.15,15,1,1,1.5,5,477900,475861,0.995733417032852,12952,0.0271019041640511,0.027218032156449,1382,399,0.147777777777778,98,5,8533,783,4358,12.6304817788758,14,20
C167,0.15,15,1,1,2,3,477900,475861,0.995733417032852,10288,0.0215275162167818,0.0216197587110522,1243,288,0.106666666666667,91,5,8533,783,1694,10.722200622084,10,20
C168,0.15,15,1,1,2,5,477900,475861,0.995733417032852,10054,0.0210378740322243,0.0211280184759835,1104,273,0.101111111111111,85,5,8533,783,1460,10.5062661627213,10,20
C169,0.15,20,0.3,1,1.25,3,477900,475675,0.995344214270768,18144,0.0379661016949153,0.038143690545015,2078,574,0.212592592592593,115,5,8754,782,9329,14.5521935626102,20,20
C170,0.15,20,0.3,1,1.25,5,477900,475675,0.995344214270768,17248,0.0360912324754133,0.036260051505755,1819,554,0.205185185185185,113,5,8754,782,8433,14.2691906307978,20,20
C171,0.15,20,0.3,1,1.5,3,477900,475675,0.995344214270768,13924,0.0291358024691358,0.0292720870342145,1776,458,0.16962962962963,113,5,8754,782,5109,12.9011060040218,15,20
C172,0.15,20,0.3,1,1.5,5,477900,475675,0.995344214270768,13456,0.0281565181000209,0.0282882220003153,1563,439,0.162592592592593,111,5,8754,782,4641,12.6542063020214,14,20
C173,0.15,20,0.3,1,2,3,477900,475675,0.995344214270768,10666,0.0223184766687592,0.0224228727597624,1371,305,0.112962962962963,100,5,8754,782,1851,10.7327020438777,10,20
C174,0.15,20,0.3,1,2,5,477900,475675,0.995344214270768,10436,0.0218372044360745,0.0219393493456667,1233,291,0.107777777777778,98,5,8754,782,1621,10.5284591797624,10,20
C175,0.15,20,0.5,1,1.25,3,477900,475903,0.995821301527516,17511,0.0366415568110483,0.0367953133306577,1959,536,0.198518518518519,110,5,8576,783,8874,14.5036833990063,20,20
C176,0.15,20,0.5,1,1.25,5,477900,475903,0.995821301527516,16482,0.0344883866917765,0.034633108007304,1650,503,0.186296296296296,104,5,8576,783,7845,14.1605387695668,19,20
C177,0.15,20,0.5,1,1.5,3,477900,475903,0.995821301527516,13397,0.0280330613098975,0.0281506945743145,1666,413,0.152962962962963,104,5,8576,783,4760,12.8158542957379,14,20
C178,0.15,20,0.5,1,1.5,5,477900,475903,0.995821301527516,12909,0.0270119271814187,0.0271252755288368,1433,391,0.144814814814815,100,5,8576,783,4272,12.5442714385313,14,20
C179,0.15,20,0.5,1,2,3,477900,475903,0.995821301527516,10331,0.0216174931994141,0.0217082052435055,1300,283,0.104814814814815,91,5,8576,783,1694,10.6837673022941,10,20
C180,0.15,20,0.5,1,2,5,477900,475903,0.995821301527516,10089,0.0211111111111111,0.0211996982578383,1161,265,0.0981481481481482,88,5,8576,783,1452,10.4603033006244,10,20
C181,0.15,20,0.75,1,1.25,3,477900,475907,0.995829671479389,17393,0.0363946432308014,0.0365470564627123,1960,539,0.19962962962963,113,5,8579,783,8753,14.4634623124245,20,20
C182,0.15,20,0.75,1,1.25,5,477900,475907,0.995829671479389,16379,0.0342728604310525,0.0344163880758215,1624,509,0.188518518518519,105,5,8579,783,7739,14.1207033396422,19,20
C183,0.15,20,0.75,1,1.5,3,477900,475907,0.995829671479389,13331,0.0278949571039967,0.0280117754099015,1661,410,0.151851851851852,105,5,8579,783,4691,12.7764608806541,14,20
C184,0.15,20,0.75,1,1.5,5,477900,475907,0.995829671479389,12773,0.0267273488177443,0.0268392774218492,1397,387,0.143333333333333,99,5,8579,783,4133,12.4608940734362,13,20
C185,0.15,20,0.75,1,2,3,477900,475907,0.995829671479389,10272,0.0214940364092906,0.0215840489843604,1296,280,0.103703703703704,91,5,8579,783,1632,10.6252920560748,10,20
C186,0.15,20,0.75,1,2,5,477900,475907,0.995829671479389,10000,0.0209248796819418,0.0210125087464568,1128,263,0.0974074074074074,87,5,8579,783,1360,10.3703,10,20
C187,0.15,20,1,1,1.25,3,477900,475907,0.995829671479389,17330,0.0362628164888052,0.0364146776576096,1949,540,0.2,114,5,8579,783,8690,14.4433352567802,20,20
C188,0.15,20,1,1,1.25,5,477900,475907,0.995829671479389,16299,0.034105461393597,0.0342482880058499,1612,514,0.19037037037037,107,5,8579,783,7659,14.0918461255292,19,20
C189,0.15,20,1,1,1.5,3,477900,475907,0.995829671479389,13330,0.0278928646160285,0.0280096741590269,1658,411,0.152222222222222,105,5,8579,783,4690,12.7759189797449,14,20
C190,0.15,20,1,1,1.5,5,477900,475907,0.995829671479389,12754,0.0266875915463486,0.026799353655231,1383,388,0.143703703703704,98,5,8579,783,4114,12.4496628508703,13,20
C191,0.15,20,1,1,2,3,477900,475907,0.995829671479389,10244,0.0214354467461812,0.0215252139598703,1280,281,0.104074074074074,91,5,8579,783,1604,10.5996680983991,10,20
C192,0.15,20,1,1,2,5,477900,475907,0.995829671479389,9995,0.0209144172421009,0.0210020024920835,1119,265,0.0981481481481482,86,5,8579,783,1355,10.3654827413707,10,20
C193,0.2,5,0.3,1,1.25,3,477900,474876,0.993672316384181,19477,0.0407553881565181,0.0410149175784836,2148,694,0.257037037037037,118,5,8813,764,10604,15.0077527339939,20,20
C194,0.2,5,0.3,1,1.25,5,477900,474876,0.993672316384181,18674,0.0390751203180582,0.0393239498311138,1933,686,0.254074074074074,114,5,8813,764,9801,14.7930812894934,20,20
C195,0.2,5,0.3,1,1.5,3,477900,474876,0.993672316384181,16979,0.035528353211969,0.0357545969895299,2008,659,0.244074074074074,116,5,8813,764,8106,14.2732787561105,19,20
C196,0.2,5,0.3,1,1.5,5,477900,474876,0.993672316384181,16416,0.0343502824858757,0.0345690243347737,1812,647,0.23962962962963,110,5,8813,764,7543,14.0768762183236,18,20
C197,0.2,5,0.3,1,2,3,477900,474876,0.993672316384181,12866,0.0269219501987864,0.0270933885898635,1521,483,0.178888888888889,111,5,8813,764,3993,12.4425617907664,13,20
C198,0.2,5,0.3,1,2,5,477900,474876,0.993672316384181,12585,0.0263339610797238,0.0265016551689283,1388,472,0.174814814814815,106,5,8813,764,3712,12.273818037346,13,20
C199,0.2,5,0.5,1,1.25,3,477900,475017,0.993967357187696,19545,0.0408976773383553,0.0411458958310966,2184,688,0.254814814814815,119,5,8937,764,10548,14.9353798925556,20,20
C200,0.2,5,0.5,1,1.25,5,477900,475017,0.993967357187696,18596,0.038911906256539,0.0391480725952966,1936,680,0.251851851851852,115,5,8937,764,9599,14.676919767692,20,20
C201,0.2,5,0.5,1,1.5,3,477900,475017,0.993967357187696,16688,0.0349194392132245,0.0351313742455533,1964,627,0.232222222222222,116,5,8937,764,7691,14.0683125599233,19,20
C202,0.2,5,0.5,1,1.5,5,477900,475017,0.993967357187696,16106,0.0337016112157355,0.0339061549376128,1748,617,0.228518518518519,111,5,8937,764,7109,13.8539674655408,18,20
C203,0.2,5,0.5,1,2,3,477900,475017,0.993967357187696,12494,0.0261435446746181,0.0263022165522497,1475,438,0.162222222222222,112,5,8937,764,3497,12.077157035377,12,20
C204,0.2,5,0.5,1,2,5,477900,475017,0.993967357187696,12225,0.0255806654111739,0.0257359210301947,1342,431,0.15962962962963,109,5,8937,764,3228,11.9028220858896,12,20
C205,0.2,5,0.75,1,1.25,3,477900,475017,0.993967357187696,19477,0.0407553881565181,0.0410027430597221,2188,679,0.251481481481481,119,5,8937,764,10480,14.9176977974021,20,20
C206,0.2,5,0.75,1,1.25,5,477900,475017,0.993967357187696,18516,0.0387445072190835,0.0389796575701501,1915,670,0.248148148148148,115,5,8937,764,9519,14.6539209332469,20,20
C207,0.2,5,0.75,1,1.5,3,477900,475017,0.993967357187696,16493,0.0345114040594267,0.0347208626217588,1949,617,0.228518518518519,116,5,8937,764,7496,13.9981810465046,18,20
C208,0.2,5,0.75,1,1.5,5,477900,475017,0.993967357187696,15916,0.0333040385017786,0.0335061692528899,1726,607,0.224814814814815,111,5,8937,764,6919,13.7805981402362,17,20
C209,0.2,5,0.75,1,2,3,477900,475017,0.993967357187696,12378,0.0259008160703076,0.0260580147657873,1468,429,0.158888888888889,112,5,8937,764,3381,12.0029083858459,12,20
C210,0.2,5,0.75,1,2,5,477900,475017,0.993967357187696,12103,0.0253253818790542,0.0254790881168463,1327,422,0.156296296296296,108,5,8937,764,3106,11.8212013550359,12,20
C211,0.2,5,1,1,1.25,3,477900,475017,0.993967357187696,19439,0.0406758736137267,0.0409227459227775,2190,679,0.251481481481481,119,5,8937,764,10442,14.9077627449972,20,20
C212,0.2,5,1,1,1.25,5,477900,475017,0.993967357187696,18500,0.0387110274115924,0.0389459745651208,1925,669,0.247777777777778,115,5,8937,764,9503,14.6492972972973,20,20
C213,0.2,5,1,1,1.5,3,477900,475017,0.993967357187696,16430,0.0343795773174304,0.034588235789456,1947,615,0.227777777777778,116,5,8937,764,7433,13.9751673767498,18,20
C214,0.2,5,1,1,1.5,5,477900,475017,0.993967357187696,15868,0.0332035990793053,0.033405120237802,1729,606,0.224444444444444,111,5,8937,764,6871,13.7617847239728,17,20
C215,0.2,5,1,1,2,3,477900,475017,0.993967357187696,12337,0.0258150240636116,0.0259717020653998,1467,425,0.157407407407407,111,5,8937,764,3340,11.9763313609467,12,20
C216,0.2,5,1,1,2,5,477900,475017,0.993967357187696,12063,0.0252416823603264,0.0253948806042731,1326,419,0.155185185185185,108,5,8937,764,3066,11.7940810743596,12,20
C217,0.2,10,0.3,1,1.25,3,477900,475880,0.995773174304248,13052,0.0273111529608705,0.0274270824577625,1722,401,0.148518518518519,111,5,8361,780,4630,12.7808764940239,14,20
C218,0.2,10,0.3,1,1.25,5,477900,475880,0.995773174304248,12418,0.0259845155890354,0.0260948138186097,1499,383,0.141851851851852,110,5,8361,780,3996,12.4123047189564,13,20
C219,0.2,10,0.3,1,1.5,3,477900,475880,0.995773174304248,11592,0.024256120527307,0.0243590821215432,1568,352,0.13037037037037,107,5,8361,780,3170,11.871635610766,12,20
C220,0.2,10,0.3,1,1.5,5,477900,475880,0.995773174304248,11165,0.0233626281648881,0.0234617970917038,1372,329,0.121851851851852,104,5,8361,780,2743,11.5607702642185,11,20
C221,0.2,10,0.3,1,2,3,477900,475880,0.995773174304248,10128,0.0211927181418707,0.0212826763049508,1286,270,0.1,98,5,8361,780,1706,10.696682464455,10,20
C222,0.2,10,0.3,1,2,5,477900,475880,0.995773174304248,9904,0.0207240008369952,0.0208119694040514,1156,256,0.0948148148148148,95,5,8361,780,1482,10.486268174475,10,20
C223,0.2,10,0.5,1,1.25,3,477900,476063,0.996156099602427,12134,0.0253902490060682,0.0254882231973499,1584,358,0.132592592592593,102,5,8138,781,3935,12.5128564364595,13,20
C224,0.2,10,0.5,1,1.25,5,477900,476063,0.996156099602427,11539,0.0241452186649927,0.0242383886166327,1352,341,0.126296296296296,99,5,8138,781,3340,12.1267874165872,13,20
C225,0.2,10,0.5,1,1.5,3,477900,476063,0.996156099602427,10772,0.0225402803933877,0.0226272573167837,1434,307,0.113703703703704,96,5,8138,781,2573,11.5661901225399,11,20
C226,0.2,10,0.5,1,1.5,5,477900,476063,0.996156099602427,10349,0.0216551579828416,0.0217387194551982,1237,290,0.107407407407407,93,5,8138,781,2150,11.221470673495,11,20
C227,0.2,10,0.5,1,2,3,477900,476063,0.996156099602427,9558,0.02,0.0200771746596564,1185,244,0.0903703703703704,90,5,8138,781,1359,10.4949780288763,10,20
C228,0.2,10,0.5,1,2,5,477900,476063,0.996156099602427,9337,0.0195375601590291,0.0196129503868185,1057,234,0.0866666666666667,87,5,8138,781,1138,10.2700010710078,10,20
C229,0.2,10,0.75,1,1.25,3,477900,476064,0.996158192090395,12132,0.0253860640301318,0.0254839685420448,1578,360,0.133333333333333,103,5,8138,781,3933,12.5116221562809,13,20
C230,0.2,10,0.75,1,1.25,5,477900,476064,0.996158192090395,11488,0.0240385017786148,0.0241312092491766,1321,342,0.126666666666667,98,5,8138,781,3289,12.0918349582173,13,20
C231,0.2,10,0.75,1,1.5,3,477900,476064,0.996158192090395,10726,0.0224440259468508,0.0225305841231431,1417,305,0.112962962962963,95,5,8138,781,2527,11.5300205109081,11,20
C232,0.2,10,0.75,1,1.5,5,477900,476064,0.996158192090395,10292,0.0215358861686545,0.0216189419909928,1213,288,0.106666666666667,90,5,8138,781,2093,11.1728527011271,11,20
C233,0.2,10,0.75,1,2,3,477900,476064,0.996158192090395,9488,0.0198535258422264,0.0199300934328158,1165,241,0.0892592592592593,88,5,8138,781,1289,10.4248524451939,10,20
C234,0.2,10,0.75,1,2,5,477900,476064,0.996158192090395,9268,0.0193931784892237,0.0194679706930161,1032,228,0.0844444444444444,84,5,8138,781,1069,10.1975615019422,9,20
C235,0.2,10,1,1,1.25,3,477900,476064,0.996158192090395,12156,0.0254362837413685,0.0255343819318411,1581,361,0.133703703703704,103,5,8138,781,3957,12.5264067127345,14,20
C236,0.2,10,1,1,1.25,5,477900,476064,0.996158192090395,11478,0.0240175768989328,0.0241102036700948,1318,345,0.127777777777778,98,5,8138,781,3279,12.0849451123889,13,20
C237,0.2,10,1,1,1.5,3,477900,476064,0.996158192090395,10712,0.0224147311152961,0.0225011763124286,1413,305,0.112962962962963,96,5,8138,781,2513,11.5189507094847,11,20
C238,0.2,10,1,1,1.5,5,477900,476064,0.996158192090395,10262,0.0214731115296087,0.0215559252537474,1202,291,0.107777777777778,91,5,8138,781,2063,11.1470473591892,11,20
C239,0.2,10,1,1,2,3,477900,476064,0.996158192090395,9491,0.019859803306131,0.0199363951065403,1166,242,0.0896296296296296,88,5,8138,781,1292,10.4278790433042,10,20
C240,0.2,10,1,1,2,5,477900,476064,0.996158192090395,9245,0.0193450512659552,0.0194196578611279,1021,227,0.0840740740740741,83,5,8138,781,1046,10.1731746890211,9,20
C241,0.2,15,0.3,1,1.25,3,477900,475956,0.99593220338983,12858,0.0269052102950408,0.0270151022363412,1771,387,0.143333333333333,110,5,8437,782,4360,12.5645512521387,14,20
C242,0.2,15,0.3,1,1.25,5,477900,475956,0.99593220338983,12159,0.0254425612052731,0.0255464790863021,1523,365,0.135185185185185,109,5,8437,782,3661,12.137100090468,13,20
C243,0.2,15,0.3,1,1.5,3,477900,475956,0.99593220338983,11326,0.0236995187277673,0.0237963173066418,1570,331,0.122592592592593,105,5,8437,782,2828,11.5588027547236,11,20
C244,0.2,15,0.3,1,1.5,5,477900,475956,0.99593220338983,10914,0.0228374136848713,0.022930691072284,1366,308,0.114074074074074,102,5,8437,782,2416,11.2401502657138,11,20
C245,0.2,15,0.3,1,2,3,477900,475956,0.99593220338983,9943,0.0208056078677548,0.0208905865248048,1297,253,0.0937037037037037,97,5,8437,782,1445,10.3846927486674,10,20
C246,0.2,15,0.3,1,2,5,477900,475956,0.99593220338983,9715,0.0203285206110065,0.0204115506475388,1159,239,0.0885185185185185,94,5,8437,782,1217,10.1590324240865,9,20
C247,0.2,15,0.5,1,1.25,3,477900,476162,0.996363255911279,11924,0.0249508265327474,0.0250418975054708,1619,338,0.125185185185185,101,5,8237,783,3626,12.2334786984233,13,20
C248,0.2,15,0.5,1,1.25,5,477900,476162,0.996363255911279,11308,0.0236618539443398,0.0237482201435646,1367,315,0.116666666666667,96,5,8237,783,3010,11.8103997170145,12,20
C249,0.2,15,0.5,1,1.5,3,477900,476162,0.996363255911279,10572,0.0221217827997489,0.0222025277111571,1456,286,0.105925925925926,95,5,8237,783,2274,11.2402572833901,11,20
C250,0.2,15,0.5,1,1.5,5,477900,476162,0.996363255911279,10159,0.0212575852688847,0.0213351758435154,1243,266,0.0985185185185185,92,5,8237,783,1861,10.8841421399744,10,20
C251,0.2,15,0.5,1,2,3,477900,476162,0.996363255911279,9460,0.019794936179117,0.0198671880578459,1218,232,0.0859259259259259,89,5,8237,783,1162,10.2105708245243,9,20
C252,0.2,15,0.5,1,2,5,477900,476162,0.996363255911279,9226,0.0193052939945595,0.0193757586703685,1073,216,0.08,85,5,8237,783,928,9.96228051159766,9,20
C253,0.2,15,0.75,1,1.25,3,477900,476163,0.996365348399247,11835,0.0247645951035782,0.0248549341296993,1602,341,0.126296296296296,103,5,8237,783,3537,12.1750739332488,13,20
C254,0.2,15,0.75,1,1.25,5,477900,476163,0.996365348399247,11120,0.0232684662063193,0.0233533474881501,1320,316,0.117037037037037,98,5,8237,783,2822,11.6719424460432,12,20
C255,0.2,15,0.75,1,1.5,3,477900,476163,0.996365348399247,10465,0.0218978865871521,0.0219777681172204,1434,284,0.105185185185185,95,5,8237,783,2167,11.1506927854754,11,20
C256,0.2,15,0.75,1,1.5,5,477900,476163,0.996365348399247,9975,0.020872567482737,0.0209487087404943,1200,263,0.0974074074074074,92,5,8237,783,1677,10.7159899749373,10,20
C257,0.2,15,0.75,1,2,3,477900,476163,0.996365348399247,9374,0.0196149822138523,0.0196865359131222,1202,228,0.0844444444444444,87,5,8237,783,1076,10.1207595476851,9,20
C258,0.2,15,0.75,1,2,5,477900,476163,0.996365348399247,9110,0.019062565390249,0.0191321039223963,1041,214,0.0792592592592593,83,5,8237,783,812,9.8344676180022,9,20
C259,0.2,15,1,1,1.25,3,477900,476163,0.996365348399247,11796,0.0246829880728186,0.0247730294037966,1591,341,0.126296296296296,103,5,8237,783,3498,12.1492031197016,13,20
C260,0.2,15,1,1,1.25,5,477900,476163,0.996365348399247,11082,0.0231889516635279,0.0232735428834244,1314,317,0.117407407407407,96,5,8237,783,2784,11.6433856704566,12,20
C261,0.2,15,1,1,1.5,3,477900,476163,0.996365348399247,10423,0.021810002092488,0.0218895630277867,1422,284,0.105185185185185,95,5,8237,783,2125,11.115034059292,11,20
C262,0.2,15,1,1,1.5,5,477900,476163,0.996365348399247,9936,0.0207909604519774,0.0208668040145916,1193,264,0.0977777777777778,90,5,8237,783,1638,10.6795491143317,10,20
C263,0.2,15,1,1,2,3,477900,476163,0.996365348399247,9342,0.0195480225988701,0.0196193320354584,1193,228,0.0844444444444444,87,5,8237,783,1044,10.0869192892314,9,20
C264,0.2,15,1,1,2,5,477900,476163,0.996365348399247,9090,0.0190207156308851,0.0190901014988565,1037,213,0.0788888888888889,81,5,8237,783,792,9.81210121012101,9,20
C265,0.2,20,0.3,1,1.25,3,477900,475979,0.995980330613099,12742,0.0266624816907303,0.0267700885963456,1783,377,0.13962962962963,108,5,8460,782,4221,12.4627217077382,13,20
C266,0.2,20,0.3,1,1.25,5,477900,475979,0.995980330613099,12013,0.0251370579619167,0.02523850842159,1528,356,0.131851851851852,106,5,8460,782,3492,12.005327561808,12,20
C267,0.2,20,0.3,1,1.5,3,477900,475979,0.995980330613099,11285,0.0236137267210714,0.0237090291798588,1587,324,0.12,104,5,8460,782,2764,11.4895879486043,11,20
C268,0.2,20,0.3,1,1.5,5,477900,475979,0.995980330613099,10858,0.0227202343586524,0.0228119307784587,1375,303,0.112222222222222,103,5,8460,782,2337,11.1549088229877,11,20
C269,0.2,20,0.3,1,2,3,477900,475979,0.995980330613099,9923,0.0207637581083909,0.0208475584006857,1322,248,0.0918518518518519,96,5,8460,782,1402,10.3214753602741,9,20
C270,0.2,20,0.3,1,2,5,477900,475979,0.995980330613099,9692,0.020280393387738,0.0203622428720595,1180,236,0.0874074074074074,94,5,8460,782,1171,10.0907965332233,9,20
C271,0.2,20,0.5,1,1.25,3,477900,476207,0.996457417869847,11792,0.0246746181209458,0.0247623407467761,1634,327,0.121111111111111,98,5,8282,783,3449,12.0760685210312,13,20
C272,0.2,20,0.5,1,1.25,5,477900,476207,0.996457417869847,11144,0.023318685917556,0.0234015879648976,1374,303,0.112222222222222,92,5,8282,783,2801,11.6153086862886,12,20
C273,0.2,20,0.5,1,1.5,3,477900,476207,0.996457417869847,10513,0.0219983260096254,0.0220765339442721,1480,281,0.104074074074074,95,5,8282,783,2170,11.112051745458,11,20
C274,0.2,20,0.5,1,1.5,5,477900,476207,0.996457417869847,10098,0.0211299435028249,0.0212050641842728,1260,260,0.0962962962962963,91,5,8282,783,1755,10.7467815408992,10,20
C275,0.2,20,0.5,1,2,3,477900,476207,0.996457417869847,9454,0.0197823812513078,0.0198527111109245,1239,230,0.0851851851851852,89,5,8282,783,1111,10.1164586418447,9,20
C276,0.2,20,0.5,1,2,5,477900,476207,0.996457417869847,9225,0.0193032015065913,0.0193718277975754,1094,215,0.0796296296296296,85,5,8282,783,882,9.87111111111111,9,20
C277,0.2,20,0.75,1,1.25,3,477900,476211,0.99646578782172,11688,0.0244569993722536,0.0245437421647127,1618,329,0.121851851851852,100,5,8285,783,3342,12.0011978097194,12,20
C278,0.2,20,0.75,1,1.25,5,477900,476211,0.99646578782172,10967,0.0229483155471856,0.0230297074196102,1335,304,0.112592592592593,93,5,8285,783,2621,11.4753350961977,11,20
C279,0.2,20,0.75,1,1.5,3,477900,476211,0.99646578782172,10417,0.0217974471646788,0.0218747571979648,1451,279,0.103333333333333,95,5,8285,783,2071,11.0252471920899,11,20
C280,0.2,20,0.75,1,1.5,5,477900,476211,0.99646578782172,9934,0.020786775476041,0.0208605009124107,1214,255,0.0944444444444444,90,5,8285,783,1588,10.5888866519026,10,20
C281,0.2,20,0.75,1,2,3,477900,476211,0.99646578782172,9378,0.019623352165725,0.0196929512338018,1227,225,0.0833333333333333,87,5,8285,783,1032,10.0309234378332,9,20
C282,0.2,20,0.75,1,2,5,477900,476211,0.99646578782172,9120,0.0190834902699309,0.0191511745843754,1065,209,0.0774074074074074,82,5,8285,783,774,9.74890350877193,9,20
C283,0.2,20,1,1,1.25,3,477900,476211,0.99646578782172,11625,0.0243251726302574,0.0244114478665969,1606,329,0.121851851851852,101,5,8285,783,3279,11.9578494623656,12,20
C284,0.2,20,1,1,1.25,5,477900,476211,0.99646578782172,10884,0.0227746390458255,0.0228554149316164,1318,305,0.112962962962963,94,5,8285,783,2538,11.4103270856303,11,20
C285,0.2,20,1,1,1.5,3,477900,476211,0.99646578782172,10354,0.0216656204226826,0.021742462899849,1443,280,0.103703703703704,96,5,8285,783,2008,10.9706393664284,10,20
C286,0.2,20,1,1,1.5,5,477900,476211,0.99646578782172,9864,0.0206403013182674,0.0207135072478376,1199,257,0.0951851851851852,91,5,8285,783,1518,10.522100567721,10,20
C287,0.2,20,1,1,2,3,477900,476211,0.99646578782172,9344,0.0195522075748064,0.0196215543110092,1216,225,0.0833333333333333,87,5,8285,783,998,9.99464897260274,9,20
C288,0.2,20,1,1,2,5,477900,476211,0.99646578782172,9087,0.0190144381669805,0.0190818775710767,1055,211,0.0781481481481481,83,5,8285,783,741,9.7116760206889,9,20
C289,0.25,5,0.3,1,1.25,3,477900,474887,0.993695333751831,18530,0.0387738020506382,0.0390198089229648,2118,677,0.250740740740741,118,5,8813,764,9657,14.7526173772261,20,20
C290,0.25,5,0.3,1,1.25,5,477900,474887,0.993695333751831,17780,0.0372044360744926,0.037440485841895,1911,669,0.247777777777778,114,5,8813,764,8907,14.5312710911136,20,20
C291,0.25,5,0.3,1,1.5,3,477900,474887,0.993695333751831,16135,0.0337622933668131,0.0339765038840819,1967,624,0.231111111111111,116,5,8813,764,7262,13.9737217229625,18,20
C292,0.25,5,0.3,1,1.5,5,477900,474887,0.993695333751831,15581,0.0326030550324336,0.0328099105681983,1776,615,0.227777777777778,111,5,8813,764,6708,13.759450612926,17,20
C293,0.25,5,0.3,1,2,3,477900,474887,0.993695333751831,12315,0.0257689893283114,0.0259324849911663,1488,444,0.164444444444444,111,5,8813,764,3442,12.1044254973609,13,20
C294,0.25,5,0.3,1,2,5,477900,474887,0.993695333751831,12026,0.0251642603055032,0.0253239191639274,1351,434,0.160740740740741,106,5,8813,764,3153,11.9146848494928,12,20
C295,0.25,5,0.5,1,1.25,3,477900,475028,0.993990374555346,18391,0.0384829462230592,0.0387156125533653,2114,664,0.245925925925926,119,5,8937,764,9394,14.6175846881627,20,20
C296,0.25,5,0.5,1,1.25,5,477900,475028,0.993990374555346,17522,0.0366645741786985,0.0368862467054574,1870,654,0.242222222222222,115,5,8937,764,8525,14.3506449035498,20,20
C297,0.25,5,0.5,1,1.5,3,477900,475028,0.993990374555346,15573,0.032586315128688,0.0327833306668239,1892,585,0.216666666666667,116,5,8937,764,6576,13.6436139472163,17,20
C298,0.25,5,0.5,1,1.5,5,477900,475028,0.993990374555346,14997,0.0313810420590082,0.0315707705651035,1678,576,0.213333333333333,111,5,8937,764,6000,13.3994798959792,16,20
C299,0.25,5,0.5,1,2,3,477900,475028,0.993990374555346,11881,0.0248608495501151,0.0250111572370471,1424,405,0.15,112,5,8937,764,2884,11.668378082653,12,20
C300,0.25,5,0.5,1,2,5,477900,475028,0.993990374555346,11607,0.0242875078468299,0.0244343491331037,1285,397,0.147037037037037,108,5,8937,764,2610,11.4716981132075,11,20
C301,0.25,5,0.75,1,1.25,3,477900,475028,0.993990374555346,18239,0.0381648880518937,0.0383956314154113,2125,655,0.242592592592593,119,5,8937,764,9242,14.5727287680246,20,20
C302,0.25,5,0.75,1,1.25,5,477900,475028,0.993990374555346,17384,0.0363758108390877,0.0365957375144202,1869,646,0.239259259259259,115,5,8937,764,8387,14.3057984353428,20,20
C303,0.25,5,0.75,1,1.5,3,477900,475028,0.993990374555346,15307,0.0320297133291484,0.0322233636754044,1874,568,0.21037037037037,116,5,8937,764,6310,13.5331547657934,16,20
C304,0.25,5,0.75,1,1.5,5,477900,475028,0.993990374555346,14751,0.0308662900188324,0.0310529063549938,1662,560,0.207407407407407,111,5,8937,764,5754,13.2894041081961,16,20
C305,0.25,5,0.75,1,2,3,477900,475028,0.993990374555346,11768,0.0246243984097091,0.0247732765226471,1417,394,0.145925925925926,109,5,8937,764,2771,11.5883752549286,12,20
C306,0.25,5,0.75,1,2,5,477900,475028,0.993990374555346,11505,0.0240740740740741,0.0242196249484241,1280,386,0.142962962962963,105,5,8937,764,2508,11.3960886571056,11,20
C307,0.25,5,1,1,1.25,3,477900,475028,0.993990374555346,18137,0.0379514542791379,0.0381809072307317,2123,649,0.24037037037037,118,5,8937,764,9140,14.5422065391189,20,20
C308,0.25,5,1,1,1.25,5,477900,475028,0.993990374555346,17295,0.0361895794099184,0.0364083801375919,1862,640,0.237037037037037,114,5,8937,764,8298,14.2764960971379,19,20
C309,0.25,5,1,1,1.5,3,477900,475028,0.993990374555346,15231,0.0318706842435656,0.0320633731064274,1874,568,0.21037037037037,116,5,8937,764,6234,13.5008863502068,16,20
C310,0.25,5,1,1,1.5,5,477900,475028,0.993990374555346,14678,0.0307135383971542,0.0308992312032133,1658,560,0.207407407407407,111,5,8937,764,5681,13.2560294318027,15.5,20
C311,0.25,5,1,1,2,3,477900,475028,0.993990374555346,11744,0.0245741786984725,0.0247227531850754,1419,393,0.145555555555556,109,5,8937,764,2747,11.5711852861035,11,20
C312,0.25,5,1,1,2,5,477900,475028,0.993990374555346,11468,0.0239966520192509,0.0241417348030011,1275,386,0.142962962962963,106,5,8937,764,2471,11.3683292640391,11,20
C313,0.25,10,0.3,1,1.25,3,477900,475950,0.995919648462021,11871,0.0248399246704331,0.0249416955562559,1646,342,0.126666666666667,108,5,8289,780,3521,12.1162496841041,13,20
C314,0.25,10,0.3,1,1.25,5,477900,475950,0.995919648462021,11333,0.0237141661435447,0.0238113247189831,1426,323,0.11962962962963,107,5,8289,780,2983,11.7419924115415,12,20
C315,0.25,10,0.3,1,1.5,3,477900,475950,0.995919648462021,11005,0.023027830089977,0.0231221766992331,1526,312,0.115555555555556,106,5,8289,780,2655,11.4958655156747,11,20
C316,0.25,10,0.3,1,1.5,5,477900,475950,0.995919648462021,10596,0.0221720025109856,0.0222628427355815,1339,292,0.108148148148148,103,5,8289,780,2246,11.167610419026,11,20
C317,0.25,10,0.3,1,2,3,477900,475950,0.995919648462021,9809,0.0205252144800167,0.0206093077003887,1269,253,0.0937037037037037,97,5,8289,780,1459,10.4589662554797,10,20
C318,0.25,10,0.3,1,2,5,477900,475950,0.995919648462021,9603,0.0200941619585687,0.0201764891270091,1142,240,0.0888888888888889,94,5,8289,780,1253,10.254295532646,9,20
C319,0.25,10,0.5,1,1.25,3,477900,476133,0.996302573760201,10658,0.0223017367650136,0.0223845018093684,1486,291,0.107777777777778,98,5,8066,781,2531,11.5356539688497,11,20
C320,0.25,10,0.5,1,1.25,5,477900,476133,0.996302573760201,10136,0.0212094580456162,0.0212881694820565,1253,275,0.101851851851852,95,5,8066,781,2009,11.0997434885556,11,20
C321,0.25,10,0.5,1,1.5,3,477900,476133,0.996302573760201,10089,0.0211111111111111,0.0211894575675284,1382,267,0.0988888888888889,95,5,8066,781,1962,11.0582812964615,11,20
C322,0.25,10,0.5,1,1.5,5,477900,476133,0.996302573760201,9690,0.0202762084118016,0.02035145642079,1186,251,0.092962962962963,92,5,8066,781,1563,10.690092879257,10,20
C323,0.25,10,0.5,1,2,3,477900,476133,0.996302573760201,9272,0.0194015484410965,0.0194735504575402,1156,224,0.082962962962963,88,5,8066,781,1145,10.2703839516825,9,20
C324,0.25,10,0.5,1,2,5,477900,476133,0.996302573760201,9057,0.0189516635279347,0.0190219959549118,1029,214,0.0792592592592593,85,5,8066,781,930,10.0394170255051,9,20
C325,0.25,10,0.75,1,1.25,3,477900,476134,0.996304666248169,10581,0.0221406151914627,0.0222227356164441,1469,290,0.107407407407407,98,5,8066,781,2454,11.4740572724695,11,20
C326,0.25,10,0.75,1,1.25,5,477900,476134,0.996304666248169,9995,0.0209144172421009,0.0209919896499725,1218,273,0.101111111111111,93,5,8066,781,1868,10.9741870935468,10,20
C327,0.25,10,0.75,1,1.5,3,477900,476134,0.996304666248169,9990,0.0209039548022599,0.0209814884045248,1356,263,0.0974074074074074,93,5,8066,781,1863,10.9696696696697,10,20
C328,0.25,10,0.75,1,1.5,5,477900,476134,0.996304666248169,9570,0.0200251098556183,0.0200993837869171,1152,245,0.0907407407407407,89,5,8066,781,1443,10.5733542319749,10,20
C329,0.25,10,0.75,1,2,3,477900,476134,0.996304666248169,9199,0.0192487968194183,0.019320191374697,1144,222,0.0822222222222222,87,5,8066,781,1072,10.1931731709968,9,20
C330,0.25,10,0.75,1,2,5,477900,476134,0.996304666248169,8983,0.0187968194182883,0.018866537571356,1015,211,0.0781481481481481,83,5,8066,781,856,9.95736390960704,9,20
C331,0.25,10,1,1,1.25,3,477900,476134,0.996304666248169,10553,0.0220820255283532,0.0221639286419369,1470,290,0.107407407407407,98,5,8066,781,2426,11.4514356107268,11,20
C332,0.25,10,1,1,1.25,5,477900,476134,0.996304666248169,9956,0.0208328102113413,0.0209100799354803,1212,274,0.101481481481481,93,5,8066,781,1829,10.9388308557654,10,20
C333,0.25,10,1,1,1.5,3,477900,476134,0.996304666248169,9974,0.0208704749947688,0.0209478844190921,1343,262,0.097037037037037,93,5,8066,781,1847,10.9551834770403,10,20
C334,0.25,10,1,1,1.5,5,477900,476134,0.996304666248169,9547,0.0199769826323499,0.0200510780578577,1138,246,0.0911111111111111,89,5,8066,781,1420,10.5506441814182,10,20
C335,0.25,10,1,1,2,3,477900,476134,0.996304666248169,9198,0.0192467043314501,0.0193180911256075,1148,222,0.0822222222222222,87,5,8066,781,1071,10.1921069797782,9,20
C336,0.25,10,1,1,2,5,477900,476134,0.996304666248169,8964,0.0187570621468927,0.0188266328386547,1008,211,0.0781481481481481,83,5,8066,781,837,9.93607764390897,9,20
C337,0.25,15,0.3,1,1.25,3,477900,476026,0.996078677547604,11733,0.0245511613308223,0.0246478133547327,1681,336,0.124444444444444,108,5,8365,782,3307,11.9058211881019,12,20
C338,0.25,15,0.3,1,1.25,5,477900,476026,0.996078677547604,11171,0.0233751830926972,0.0234672055728048,1461,317,0.117407407407407,106,5,8365,782,2745,11.4986124787396,11,20
C339,0.25,15,0.3,1,1.5,3,477900,476026,0.996078677547604,10811,0.0226218874241473,0.022710944360182,1538,296,0.10962962962963,104,5,8365,782,2385,11.2155212283785,11,20
C340,0.25,15,0.3,1,1.5,5,477900,476026,0.996078677547604,10412,0.0217869847248378,0.021872754849525,1349,278,0.102962962962963,102,5,8365,782,1986,10.8788897426047,10,20
C341,0.25,15,0.3,1,2,3,477900,476026,0.996078677547604,9707,0.0203117807072609,0.0203917433081386,1286,242,0.0896296296296296,97,5,8365,782,1281,10.216441743072,9,20
C342,0.25,15,0.3,1,2,5,477900,476026,0.996078677547604,9499,0.0198765432098765,0.0199547923852899,1157,230,0.0851851851851852,94,5,8365,782,1073,10.0022107590273,9,20
C343,0.25,15,0.5,1,1.25,3,477900,476232,0.996509730069052,10549,0.0220736555764804,0.0221509684355524,1525,281,0.104074074074074,98,5,8165,783,2323,11.2814484785288,11,20
C344,0.25,15,0.5,1,1.25,5,477900,476232,0.996509730069052,10014,0.0209541745134965,0.0210275663962102,1278,259,0.0959259259259259,93,5,8165,783,1788,10.8156580786898,10,20
C345,0.25,15,0.5,1,1.5,3,477900,476232,0.996509730069052,9976,0.0208746599707052,0.0209477733541635,1400,253,0.0937037037037037,93,5,8165,783,1750,10.78067361668,10,20
C346,0.25,15,0.5,1,1.5,5,477900,476232,0.996509730069052,9590,0.0200669596149822,0.0201372440323204,1194,235,0.087037037037037,89,5,8165,783,1364,10.4095933263816,10,20
C347,0.25,15,0.5,1,2,3,477900,476232,0.996509730069052,9231,0.0193157564344005,0.0193834097666683,1194,218,0.0807407407407407,87,5,8165,783,1005,10.0366157512729,9,20
C348,0.25,15,0.5,1,2,5,477900,476232,0.996509730069052,8997,0.0188261142498431,0.0188920526130121,1052,206,0.0762962962962963,84,5,8165,783,771,9.77748138268312,9,20
C349,0.25,15,0.75,1,1.25,3,477900,476233,0.99651182255702,10426,0.0218162795563926,0.0218926449868027,1502,283,0.104814814814815,99,5,8165,783,2200,11.1785919815845,11,20
C350,0.25,15,0.75,1,1.25,5,477900,476233,0.99651182255702,9831,0.020571249215317,0.0206432565571894,1229,261,0.0966666666666667,94,5,8165,783,1605,10.6446953514393,10,20
C351,0.25,15,0.75,1,1.5,3,477900,476233,0.99651182255702,9858,0.0206277463904583,0.0206999514943316,1383,251,0.092962962962963,92,5,8165,783,1632,10.670318523027,10,20
C352,0.25,15,0.75,1,1.5,5,477900,476233,0.99651182255702,9416,0.0197028667085164,0.0197718343751903,1158,232,0.0859259259259259,89,5,8165,783,1190,10.232370433305,9,20
C353,0.25,15,0.75,1,2,3,477900,476233,0.99651182255702,9145,0.0191358024691358,0.0192027851912824,1177,215,0.0796296296296296,85,5,8165,783,919,9.94291962821214,9,20
C354,0.25,15,0.75,1,2,5,477900,476233,0.99651182255702,8907,0.0186377903327056,0.0187030298194371,1032,202,0.0748148148148148,82,5,8165,783,681,9.67418884023802,9,20
C355,0.25,15,1,1,1.25,3,477900,476233,0.99651182255702,10371,0.0217011927181419,0.0217771553000317,1484,283,0.104814814814815,99,5,8165,783,2145,11.1318098544017,11,20
C356,0.25,15,1,1,1.25,5,477900,476233,0.99651182255702,9786,0.0204770872567483,0.0205487649952859,1223,261,0.0966666666666667,92,5,8165,783,1560,10.6016758634784,10,20
C357,0.25,15,1,1,1.5,3,477900,476233,0.99651182255702,9786,0.0204770872567483,0.0205487649952859,1352,250,0.0925925925925926,92,5,8165,783,1560,10.6016758634784,10,20
C358,0.25,15,1,1,1.5,5,477900,476233,0.99651182255702,9362,0.0195898723582339,0.0196584445009061,1140,231,0.0855555555555556,87,5,8165,783,1136,10.1760307626576,9,20
C359,0.25,15,1,1,2,3,477900,476233,0.99651182255702,9106,0.0190541954383762,0.0191208925042994,1168,214,0.0792592592592593,85,5,8165,783,880,9.89984625521634,9,20
C360,0.25,15,1,1,2,5,477900,476233,0.99651182255702,8876,0.0185729232056916,0.018637935632348,1024,201,0.0744444444444444,80,5,8165,783,650,9.63812528165841,9,20
C361,0.25,20,0.3,1,1.25,3,477900,476049,0.996126804770873,11725,0.0245344214270768,0.0246298175187848,1709,331,0.122592592592593,108,5,8388,782,3276,11.8631982942431,12,20
C362,0.25,20,0.3,1,1.25,5,477900,476049,0.996126804770873,11152,0.0233354258213015,0.0234261599121099,1488,313,0.115925925925926,106,5,8388,782,2703,11.4451219512195,11,20
C363,0.25,20,0.3,1,1.5,3,477900,476049,0.996126804770873,10792,0.0225821301527516,0.0226699352377591,1559,290,0.107407407407407,104,5,8388,782,2343,11.1597479614529,11,20
C364,0.25,20,0.3,1,1.5,5,477900,476049,0.996126804770873,10384,0.0217283950617284,0.0218128806068283,1366,276,0.102222222222222,102,5,8388,782,1935,10.8124036979969,10,20
C365,0.25,20,0.3,1,2,3,477900,476049,0.996126804770873,9656,0.020205063820883,0.0202836262653634,1303,239,0.0885185185185185,95,5,8388,782,1207,10.1197183098592,9,20
C366,0.25,20,0.3,1,2,5,477900,476049,0.996126804770873,9446,0.0197656413475623,0.0198424952053255,1171,228,0.0844444444444444,92,5,8388,782,997,9.90006351894982,9,20
C367,0.25,20,0.5,1,1.25,3,477900,476277,0.996603892027621,10545,0.0220652856246077,0.0221404770753154,1552,277,0.102592592592593,98,5,8210,783,2274,11.1993361782835,11,20
C368,0.25,20,0.5,1,1.25,5,477900,476277,0.996603892027621,9993,0.0209102322661645,0.0209814876636915,1286,253,0.0937037037037037,92,5,8210,783,1722,10.7131992394676,10,20
C369,0.25,20,0.5,1,1.5,3,477900,476277,0.996603892027621,9953,0.0208265327474367,0.0208975029237188,1425,252,0.0933333333333333,93,5,8210,783,1682,10.6758766201145,10,20
C370,0.25,20,0.5,1,1.5,5,477900,476277,0.996603892027621,9554,0.0199916300481272,0.0200597551424906,1211,231,0.0855555555555556,88,5,8210,783,1283,10.2864768683274,9,20
C371,0.25,20,0.5,1,2,3,477900,476277,0.996603892027621,9236,0.0193262188742415,0.0193920764597073,1217,215,0.0796296296296296,87,5,8210,783,965,9.95203551320918,9,20
C372,0.25,20,0.5,1,2,5,477900,476277,0.996603892027621,9005,0.0188428541535886,0.0189070645863647,1073,203,0.0751851851851852,84,5,8210,783,734,9.69428095502499,9,20
C373,0.25,20,0.75,1,1.25,3,477900,476281,0.996612261979494,10386,0.0217325800376648,0.0218064545929819,1523,275,0.101851851851852,99,5,8213,783,2112,11.0596957442711,11,20
C374,0.25,20,0.75,1,1.25,5,477900,476281,0.996612261979494,9796,0.0204980121364302,0.0205676900821154,1249,252,0.0933333333333333,92,5,8213,783,1522,10.5212331563904,10,20
C375,0.25,20,0.75,1,1.5,3,477900,476281,0.996612261979494,9823,0.0205545093115715,0.020624379305494,1401,247,0.0914814814814815,93,5,8213,783,1549,10.5472869795378,10,20
C376,0.25,20,0.75,1,1.5,5,477900,476281,0.996612261979494,9387,0.0196421845574388,0.0197089533279724,1170,225,0.0833333333333333,87,5,8213,783,1113,10.1082347927986,9,20
C377,0.25,20,0.75,1,2,3,477900,476281,0.996612261979494,9143,0.0191316174931994,0.0191966507166988,1196,211,0.0781481481481481,85,5,8213,783,869,9.84425243355573,9,20
C378,0.25,20,0.75,1,2,5,477900,476281,0.996612261979494,8910,0.0186440677966102,0.0187074437149498,1049,198,0.0733333333333333,82,5,8213,783,636,9.57867564534231,9,20
C379,0.25,20,1,1,1.25,3,477900,476281,0.996612261979494,10312,0.0215777359280184,0.0216510841289071,1511,276,0.102222222222222,100,5,8213,783,2038,10.9955391776571,10.5,20
C380,0.25,20,1,1,1.25,5,477900,476281,0.996612261979494,9708,0.0203138731952291,0.0203829252059184,1229,253,0.0937037037037037,92,5,8213,783,1434,10.4353110836424,10,20
C381,0.25,20,1,1,1.5,3,477900,476281,0.996612261979494,9754,0.0204101276417661,0.0204795068457486,1377,245,0.0907407407407407,93,5,8213,783,1480,10.4804182899323,10,20
C382,0.25,20,1,1,1.5,5,477900,476281,0.996612261979494,9312,0.0194852479598242,0.0195514832630317,1144,224,0.082962962962963,87,5,8213,783,1038,10.0285652920962,9,20
C383,0.25,20,1,1,2,3,477900,476281,0.996612261979494,9117,0.0190772128060264,0.019142061094186,1188,210,0.0777777777777778,85,5,8213,783,843,9.81529011736317,9,20
C384,0.25,20,1,1,2,5,477900,476281,0.996612261979494,8881,0.0185833856455325,0.0186465552898394,1040,198,0.0733333333333333,82,5,8213,783,607,9.54464587321248,9,20

