CaseIndex,Family,LoadName,TargetSpeed,AccelerationTarget,GeometryScale,PeakSpeed,SpeedRelativeError,PeakAcceleration,AccelerationRelativeError,PeakHorizontalAcceleration,PeakTiltDeg,PeakThrustFraction,PeakMomentFraction,PeakInputFraction,PeakBodyRate,MinimumCosPitch,DynamicResidualP95,DynamicResidualMax,StateBoundViolation,PhysicalFeasible,RobustTrainCandidate
1,circle,mild,0.5,0.2,1.25,0.5,0,0.199996666683333,1.66665833332968e-05,0.199996666683333,1.16796663829424,0.250051951826983,0.000318439701230725,0.250051951826983,0.00815388935993062,0.999792270241801,3.33326707711168e-05,3.33326708321862e-05,-1.20134526513306,1,1
2,circle,moderate,0.5,0.462962962962963,0.54,0.5,0,0.462921618641449,8.93037344699588e-05,0.462921618641449,2.70179124130714,0.250278208810894,0.00169277873358129,0.250278208810894,0.0436659036953661,0.998889063911573,0.000178596473330897,0.000178596567274018,-1.17457472085302,1,1
3,circle,hard,0.5,0.833333333333333,0.3,0.5,0,0.833092227720382,0.000289326735541717,0.833092227720382,4.85420831236658,0.250899916649557,0.00540006065403023,0.250899916649557,0.141247893202323,0.996419726702541,0.000578879588746416,0.000578891975554931,-1.13698494946014,1,1
4,circle,mild,1,0.740740740740741,1.35,1,0,0.740698403747169,5.71549413217964e-05,0.740698403747169,4.31802030067196,0.250711644406553,0.00216971819299618,0.250711644406553,0.0559066702852655,0.997162649425554,0.000228612558348058,0.000228612737867096,-1.14635533238384,1,1
5,circle,moderate,1,1.85185185185185,0.54,1,0,1.8511903958748,0.000357186227607675,1.8511903958748,10.6866063838753,0.254412486502323,0.0130951086902716,0.254412486502323,0.348526294948594,0.982693962758727,0.00143631219341414,0.00143671059659116,-1.03508085172279,1,1
6,circle,hard,1,3.33333333333333,0.3,1,0,3.32947664801241,0.00115700559627703,3.32947664801241,18.7475171140404,0.264007147918094,0.0488718233821275,0.264007147918094,1.12040828926774,0.947290248052815,0.00575674318023509,0.00581730135770842,-0.894110828056244,1,1
7,circle,mild,2,2,2,2,0,1.99979167317699,0.000104163411506764,1.99979167317699,11.5223375802698,0.25514189926434,0.00773095657743765,0.25514189926434,0.203692882494099,0.979861206207664,0.000833719227460937,0.000833737914791286,-1.02034928868877,1,1
8,circle,moderate,2,5,0.8,2,0,4.99674542739042,0.000650914521916945,4.99674542739042,26.9927864967877,0.280563563777249,0.0818572322541061,0.280563563777249,1.26502418764132,0.891437397250952,0.00681143428362208,0.00697763843354777,-0.746868579111764,1,1
9,circle,hard,2,9,0.444444444444444,2,0,8.98102763493029,0.00210804056330163,8.98102763493029,42.474833753106,0.338949037469655,0.405442661310101,0.405442661310101,3.97768365675177,0.739749262474727,0.167169739432048,0.194776831460262,-0.464562099518398,1,1
10,circle,mild,4,2,8,4,0,1.99994791707357,2.60414632169415e-05,1.99994791707357,11.5232358140614,0.255142714710134,0.0038969113485731,0.255142714710134,0.101914350055979,0.979848221731417,0.000416668658624465,0.000416669592582064,-1.02029117657425,1,1
11,circle,moderate,4,5,3.2,4,0,4.99918623765217,0.000162752469565497,4.99918623765217,27.0041119053102,0.280591820461897,0.0437232646257554,0.280591820461897,0.635931449080099,0.891089158573913,0.00266037307766102,0.00266978344518365,-0.746054747984455,1,1
12,circle,hard,4,9,1.77777777777778,4,0,8.9952546570403,0.0005272603288557,8.9952546570403,42.5200093889107,0.339193992405129,0.20667478530706,0.339193992405129,2.04464387083425,0.737619036024583,0.0254930670084507,0.0285294547991049,-0.461137188353217,1,1
13,circle,mild,6,2,18,6,1.48029736616688e-16,1.99997685193223,1.15740338864079e-05,1.99997685193223,11.5234348569221,0.255142895416897,0.00260182873404608,0.255142895416897,0.0679515132469108,0.979845826092671,0.000277775965399285,0.000277776021009181,-1.02027920913792,1,1
14,circle,moderate,6,5,7.2,6,1.48029736616688e-16,4.99963831803427,7.23363931451004e-05,4.99963831803427,27.0062201311108,0.280597082285056,0.029503666941224,0.280597082285056,0.424390184284274,0.891009714120235,0.00174351384088683,0.00174482191189019,-0.745903873422179,1,1
15,circle,hard,6,9,4,6,1.48029736616688e-16,8.99789077331046,0.0002343585210595,8.99789077331046,42.5283768996195,0.339239425413242,0.137365182383638,0.339239425413242,1.37027351419323,0.737222326210453,0.00877536029249486,0.00999270036873868,-0.460503267968195,1,1
16,circle,mild,8,2,32,8,0,1.9999869791921,6.5104039510544e-06,1.9999869791921,11.5235431481285,0.255142993733572,0.00195239199346642,0.255142993733572,0.0509652319199517,0.979844998989684,0.000208332141674398,0.000208332201500606,-1.02027425575704,1,1
17,circle,moderate,8,5,12.8,8,0,4.99979655196268,4.06896074641949e-05,4.99979655196268,27.0069707926435,0.28059895596578,0.0222214395307416,0.28059895596578,0.318395411638047,0.890989530628866,0.00130369155258265,0.00130412734533149,-0.745850759389349,1,1
18,circle,hard,8,9,7.11111111111111,8,0,8.99881352348955,0.000131830723383865,8.99881352348955,42.5313102010686,0.339255356931688,0.105080238508701,0.339255356931688,1.02960814707641,0.737082000241251,0.00511552881427721,0.00548934417057,-0.460281231676431,1,1
19,circle,mild,10,2,50,10,1.77635683940025e-16,1.99999166667708,4.16666145819367e-06,1.99999166667708,11.5236356493706,0.255143077715453,0.00156229103007374,0.255143077715453,0.0407735994223422,0.97984437367522,0.000166665983771717,0.000166665996255927,-1.02027127303818,1,1
20,circle,moderate,10,5,20,10,1.77635683940025e-16,4.99986979268392,2.60414632169415e-05,4.99986979268392,27.0073322581637,0.280599858224048,0.0178321359597768,0.280599858224048,0.254766432522926,0.890973484274633,0.00104222735188893,0.00104232702696249,-0.745825968387994,1,1
21,circle,hard,10,9,11.1111111111111,10,1.77635683940025e-16,8.99924064422145,8.43728642835452e-05,8.99924064422145,42.5326731946206,0.33926276051381,0.0848363098867293,0.33926276051381,0.824395029634777,0.737015882085312,0.00363368113300873,0.00382725847460747,-0.460178597264022,1,1
22,circle,mild,12,2,72,12,1.48029736616688e-16,1.99999421296799,2.89351600679666e-06,1.99999421296799,11.523730857592,0.255143164155753,0.00130207963526797,0.255143164155753,0.0339787645338151,0.979843550433889,0.000138888468801577,0.000138888472210843,-1.02026883334861,1,1
23,circle,moderate,12,5,28.8,12,1.48029736616688e-16,4.99990957803687,1.8084392626605e-05,4.99990957803687,27.0075434794678,0.280600385463845,0.0148900558280263,0.280600385463845,0.212326322159093,0.890962297047021,0.000868288425697378,0.0008683155262674,-0.745812931192494,1,1
24,circle,hard,12,9,16,12,1.48029736616688e-16,8.99947266551964,5.85927200403723e-05,8.99947266551964,42.5334192282882,0.339266813077997,0.0710488200377778,0.339266813077997,0.687318148567732,0.736979007696115,0.00294032959617201,0.00300087513251511,-0.460122659161134,1,1
25,lemniscate,mild,0.5,0.2,1.25,0.5,1.11022302462516e-16,0.209782478226212,0.0489123911310589,0.209782478226212,1.2257514002122,0.25005722059524,0.00048668037486414,0.25005722059524,0.0133841582788989,0.999897320670535,5.42277768993669e-05,5.4724601911414e-05,-1.20033676504052,1,1
26,lemniscate,moderate,0.5,0.462962962962963,0.54,0.5,0,0.485288676962029,0.0482235422379836,0.485288676962029,2.83247561706143,0.250305801467259,0.00256849692555014,0.250305801467259,0.0716162185064625,0.999450563960469,0.000287530765444942,0.000293184096993003,-1.17229063099393,1,1
27,lemniscate,hard,0.5,0.833333333333333,0.3,0.5,1.11022302462516e-16,0.871770979286495,0.0461251751437941,0.871770979286495,5.07755164782906,0.250984910584273,0.00808596877607097,0.250984910584273,0.231080612036702,0.998225907397418,0.000939297200486558,0.00094936533966694,-1.13308861600667,1,1
28,lemniscate,mild,1,0.740740740740741,1.35,1,0,0.77666457327696,0.0484971739238961,0.77666457327696,4.52751068515925,0.250782555296792,0.00330240407077661,0.250782555296792,0.0917236398881534,0.998594633649459,0.000364302332716272,0.000375298798098119,-1.14269498247613,1,1
29,lemniscate,moderate,1,1.85185185185185,0.54,1,0,1.93643920770596,0.0456771721612178,1.93643920770596,11.1656931624124,0.254823482173337,0.0197201237315703,0.254823482173337,0.569568537606999,0.991327378357995,0.00230188147786459,0.00234603331919605,-1.02662311809584,1,1
30,lemniscate,hard,1,3.33333333333333,0.3,1,1.11022302462516e-16,3.4603441046228,0.03810323138684,3.4603441046228,19.4283447623787,0.26509498023184,0.0653439906911844,0.26509498023184,1.80888757488299,0.972815380430904,0.00825243346870311,0.00835938057357368,-0.881466161066353,1,1
31,lemniscate,mild,2,2,2,2,1.11022302462516e-16,2.0954260963286,0.0477130481642996,2.0954260963286,12.0597186252896,0.255641923720884,0.0119462136229051,0.255641923720884,0.333986978718806,0.989894108764879,0.00133715895483752,0.00136799498841017,-1.01095223813477,1,1
32,lemniscate,moderate,2,5,0.8,2,1.11022302462516e-16,5.21413202831013,0.0428264056620252,5.21413202831013,27.9889313511264,0.283113437123553,0.0839888766322172,0.283113437123553,2.05369847286978,0.941591901546886,0.00965927848420184,0.00997363912633608,-0.730039920805516,1,1
33,lemniscate,hard,2,9,0.444444444444444,2,0,9.26254807642521,0.02917200849169,9.26254807642521,43.3573364436761,0.343838238733658,0.577325737382531,0.577325737382531,6.17482532758418,0.841854293542755,0.187156535664284,0.196725333109078,-0.455916184274528,1,1
34,lemniscate,mild,4,2,8,4,1.11022302462516e-16,2.0976519603155,0.0488259801577493,2.0976519603155,12.0749503833231,0.255656453178575,0.00606498371213681,0.255656453178575,0.167276943191434,0.989886565865126,0.000675045032635265,0.00068407717556343,-1.01069149016945,1,1
35,lemniscate,moderate,4,5,3.2,4,1.11022302462516e-16,5.23616783747263,0.0472335674945263,5.23616783747263,28.08681198856,0.283371127928877,0.0366750164589472,0.283371127928877,1.04119382051151,0.941444951798704,0.00424381787765611,0.00432564831210159,-0.728244524965856,1,1
36,lemniscate,hard,4,9,1.77777777777778,4,0,9.39640026618807,0.0440444740208971,9.39640026618807,43.7656668424157,0.346176553093883,0.175435167668892,0.346176553093883,3.30613745521666,0.840758743946093,0.0295617939375421,0.0333874356870071,-0.448774677969258,1,1
37,lemniscate,mild,6,2,18,6,1.48029736616688e-16,2.09787344939189,0.0489367246959436,2.09787344939189,12.0787706174438,0.255660100363996,0.00406042987889002,0.255660100363996,0.111397012758545,0.989885960839889,0.000430413978551069,0.000454626905419417,-1.01062179578229,1,1
38,lemniscate,moderate,6,5,7.2,6,0,5.24136594173977,0.0482731883479536,5.24136594173977,28.1213089646295,0.283462257372589,0.0249089163814966,0.283462257372589,0.695930035426454,0.941417629563009,0.0028117627172322,0.00285686526192962,-0.727634453557592,1,1
39,lemniscate,hard,6,9,4,6,1.48029736616688e-16,9.42017141271701,0.0466857125241119,9.42017141271701,43.8428224121373,0.346623947252566,0.0813867894121422,0.346623947252566,2.23464914813325,0.8405437755674,0.0115354210361846,0.0128751732203914,-0.447430722958148,1,1
40,lemniscate,mild,8,2,32,8,1.11022302462516e-16,2.09802377990684,0.0490118899534187,2.09802377990684,12.0611055831973,0.255643245913443,0.00304981845566479,0.255643245913443,0.0836128215433336,0.989885400735056,0.000331174651526324,0.000341449713004536,-1.01093555812939,1,1
41,lemniscate,moderate,8,5,12.8,8,1.11022302462516e-16,5.24338911769214,0.0486778235384275,5.24338911769214,28.1328357264268,0.283492743188495,0.0188036122551267,0.283492743188495,0.522422542951991,0.941408002914877,0.00209537819494282,0.00213929106456546,-0.727457484964357,1,1
42,lemniscate,hard,8,9,7.11111111111111,8,0,9.43037613187254,0.0478195702080598,9.43037613187254,43.8754771851622,0.346813837208079,0.0586616353484278,0.346813837208079,1.68314723491477,0.84048299666625,0.00739767587413879,0.0076548538818642,-0.446982767350619,1,1
43,lemniscate,mild,10,2,50,10,1.77635683940025e-16,2.09801987638942,0.0490099381947116,2.09801987638942,12.0586965520777,0.255640949478997,0.00244151992119681,0.255640949478997,0.0669143496165203,0.989884986029015,0.000268062401312328,0.000273337476965935,-1.01097670767309,1,1
44,lemniscate,moderate,10,5,20,10,1.77635683940025e-16,5.24412990078875,0.0488259801577493,5.24412990078875,28.1383364029526,0.283507297655731,0.0151227763813593,0.283507297655731,0.418114585674427,0.941403498343661,0.00168809063442543,0.00171072511110317,-0.727382385496285,1,1
45,lemniscate,hard,10,9,11.1111111111111,10,1.77635683940025e-16,9.43438596356413,0.0482651070626812,9.43438596356413,43.8855989702243,0.34687276127565,0.0477150720244204,0.34687276127565,1.34959695498453,0.840449335843551,0.00558831490977852,0.00572692137650486,-0.446742955476755,1,1
46,lemniscate,mild,12,2,72,12,1.48029736616688e-16,2.0980926416388,0.0490463208193996,2.0980926416388,12.0561884820717,0.255638559158691,0.00203535345288615,0.255638559158691,0.0557728569479172,0.990303908916358,0.000224804526029846,0.000227861705330682,-1.01102249666628,1,1
47,lemniscate,moderate,12,5,28.8,12,0,5.24439968053848,0.0488799361076966,5.24439968053848,28.1413462304886,0.283515263221482,0.0126419946981893,0.283515263221482,0.348509085379869,0.941401012361273,0.00141220242259586,0.00142540345328878,-0.727334068962784,1,1
48,lemniscate,hard,12,9,16,12,1.48029736616688e-16,9.43569984334503,0.0484110937050036,9.43569984334503,43.8903410769826,0.346900378107971,0.0401242886289195,0.346900378107971,1.12660443707987,0.840421142507041,0.00453771163664567,0.00469398276306122,-0.446576054516608,1,1
49,vertical_circle,mild,0.5,0.2,1.25,0.5,0,0.199996666683333,1.66665833332968e-05,0.199986666933331,1.16811747988149,0.253835357583507,0.000224059279026901,0.253835357583507,0.00832336307819542,0.999792182200354,3.33326666779221e-05,3.33326666803358e-05,-1.201342980322,1,1
50,vertical_circle,moderate,0.5,0.462962962962963,0.54,0.5,0,0.462921618641449,8.93037344699588e-05,0.4627975989687,2.70396898921765,0.26179363972302,0.000427346272197284,0.26179363972302,0.0458253394331027,0.998886609410588,0.000178593118089415,0.000178593118305272,-1.17453731466236,1,1
51,vertical_circle,hard,0.5,0.833333333333333,0.3,0.5,0,0.833092227720382,0.000289326735541717,0.832369162003103,4.86729266905443,0.271212139604097,0.00377388054392384,0.271212139604097,0.154279542217929,0.996393894151596,0.000578504668291221,0.000578504821696442,-1.13678019366285,1,1
52,vertical_circle,mild,1,0.740740740740741,1.35,1,0,0.740698403747169,5.71549413217964e-05,0.740571401477564,4.32944704911388,0.268871937704297,0.00190747976305112,0.268871937704297,0.0604576086092868,0.997146466663476,0.000228608021419724,0.000228608023836041,-1.14616737059824,1,1
53,vertical_circle,moderate,1,1.85185185185185,0.54,1,0,1.8511903958748,0.000357186227607675,1.8492068784556,10.8650715453751,0.297123924103834,0.00796259023964762,0.297123924103834,0.429022616582997,0.98207380593441,0.00142861288712367,0.00142866471842015,-1.03209920446449,1,1
54,vertical_circle,hard,1,3.33333333333333,0.3,1,0,3.32947664801241,0.00115700559627703,3.3179226538683,19.7665640022613,0.334554101103197,0.0656093613760972,0.334554101103197,1.67742688655719,0.941078285428708,0.00495821285151445,0.00502567494994704,-0.876738852750384,1,1
55,vertical_circle,mild,2,2,2,2,0,1.99979167317699,0.000104163411506764,1.99916677082713,11.7580634784081,0.300943220040112,0.00415469705605844,0.300943220040112,0.255732340226204,0.979016803420545,0.000833255798292619,0.000833258317161848,-1.01651355503931,1,1
56,vertical_circle,moderate,2,5,0.8,2,0,4.99674542739042,0.000650914521916945,4.98698933540911,30.552385974451,0.377088819788738,0.0660464382398328,0.377088819788738,2.53578100106663,0.861164754111446,0.00755868199385206,0.00859801515605391,-0.688490746801725,1,1
57,vertical_circle,hard,2,9,0.54366292898403,2,0,7.34713245527619,0.183651949413757,7.3160824051624,48.227085282332,0.436438085909627,0.4949491562709,0.4949491562709,9.1033415093049,0.666179988889251,0.238823744776691,0.348099234115773,-0.380009049579238,1,1
58,vertical_circle,mild,4,2,8,4,0,1.99994791707357,2.60414632169415e-05,1.99979167317699,11.7623540032881,0.30096117825681,0.00314186468686296,0.30096117825681,0.127998065046236,0.979001540892602,0.000416654483331842,0.000416654562261079,-1.01643867125352,1,1
59,vertical_circle,moderate,4,5,3.2,4,0,4.99918623765217,0.000162752469565497,4.99674542739042,30.6181653496527,0.377337666067804,0.0177429525602307,0.377337666067804,1.29114295419309,0.860580594629049,0.00269923622594912,0.00275433993952867,-0.68734268012455,1,1
60,vertical_circle,hard,4,9,2.17465171593612,4,0,7.35490729157241,0.182788078714176,7.34713245527619,48.5013744091099,0.437229839048216,0.176594424614699,0.437229839048216,5.2195342049213,0.662602082102051,0.0300993408665444,0.0614190388574519,-0.375221801214544,1,1
61,vertical_circle,mild,6,2,18,6,1.48029736616688e-16,1.99997685193223,1.15740338864079e-05,1.99990740869341,11.7640003633487,0.263907382953795,0.000840356138822122,0.263907382953795,0.0853437904174865,0.978995682898452,0.0002777740355243,0.000277774040552526,-1.01640993684979,1,1
62,vertical_circle,moderate,6,5,7.2,6,1.48029736616688e-16,4.99963831803427,7.23363931451004e-05,4.99855336632229,30.6312153690581,0.377382908330704,0.0227577891546101,0.377382908330704,0.863572915104618,0.860464567929271,0.00175288159272529,0.0017566123518801,-0.687114914318476,1,1
63,vertical_circle,hard,6,9,4.89296636085627,6,1.48029736616688e-16,7.35634761745656,0.182628042504827,7.35289111959345,48.5530471822582,0.437379635790668,0.0861674303281195,0.437379635790668,3.58537911944749,0.661926345169518,0.00925409006643135,0.0198483433604383,-0.37431994118947,1,1
64,vertical_circle,mild,8,2,32,8,0,1.9999869791921,6.5104039510544e-06,1.99994791707357,11.7618016164201,0.255091442260738,0.00103461301518169,0.255091442260738,0.0640159926998044,0.979003506186196,0.000208331733739598,0.000208331734416542,-1.01644831222311,1,1
65,vertical_circle,moderate,8,5,12.8,8,0,4.99979655196268,4.06896074641949e-05,4.99918623765217,30.6373478304163,0.377399819801546,0.00543123613971929,0.377399819801546,0.648486961319697,0.860410029278672,0.00130511223756898,0.0013069734116148,-0.687007882676525,1,1
66,vertical_circle,hard,8,9,8.69860686374448,8,0,7.35685177149298,0.182572025389668,7.35490729157241,48.5726924016954,0.437407130088292,0.0507231950356132,0.437407130088292,2.71765715599522,0.661669298762605,0.00569572594366867,0.00889280445493592,-0.373977067428014,1,1
67,vertical_circle,mild,10,2.22222222222222,45,10,1.77635683940025e-16,2.22221079105559,5.14402498357214e-06,2.22217649776739,13.0904042832927,0.256351875944873,0.00163174353107243,0.256351875944873,0.0650783480008264,0.974013912466755,0.000205760078206922,0.000205760078829639,-0.993259821235404,1,1
68,vertical_circle,moderate,10,5,20,10,1.77635683940025e-16,4.99986979268392,2.60414632169415e-05,4.99947918294247,30.6427426496075,0.377404087124811,0.00632089945870593,0.377404087124811,0.519240116958994,0.860362042651656,0.00104285181522773,0.00104326703560419,-0.686913725319088,1,1
69,vertical_circle,hard,10,9,13.5915732246007,10,1.77635683940025e-16,7.35708512980781,0.182546096688021,7.35584060344712,48.5759534142382,0.437456372213363,0.0332917408880977,0.437456372213363,2.1844639913064,0.661626622758794,0.00259542152253738,0.0049151317338487,-0.373920152022192,1,1
70,vertical_circle,mild,12,3.2,45,12,1.48029736616688e-16,3.19997629634897,7.4073909464567e-06,3.19990518602798,19.0339540127961,0.262826976575263,0.000929347676998315,0.262826976575263,0.12908079672015,0.945325474862433,0.000355553480349312,0.000355553524452722,-0.889525309199551,1,1
71,vertical_circle,moderate,12,5,28.8,12,1.48029736616688e-16,4.99990957803687,1.8084392626605e-05,4.99963831803427,30.6457546046593,0.364328963260248,0.00510978292943183,0.364328963260248,0.432708466762971,0.860335248155122,0.000868565307819878,0.000868693167680014,-0.686861156786512,1,1
72,vertical_circle,hard,12,9,19.5718654434251,12,1.48029736616688e-16,7.35721189421067,0.182532011754369,7.35634761745656,48.5884168652955,0.437468908695132,0.023575729563949,0.437468908695132,1.82554465525201,0.661463497141624,0.0021472900640969,0.00316347925012536,-0.373702623765082,1,1
73,spatial_helix,mild,0.5,0.2,1.25,0.5,0,0.197294400586327,0.0135279970683637,0.196919845380801,1.15135775340135,0.250050870100103,0.000311150845172894,0.250050870100103,0.00797647172171537,0.999798118563813,3.25820771702683e-05,3.2582315309851e-05,-1.20163549256813,1,1
74,spatial_helix,moderate,0.5,0.462962962962963,0.54,0.5,0,0.455234750689011,0.0166929385117356,0.454161568341871,2.65850090900506,0.25106277677491,0.00164605594881483,0.25106277677491,0.0425695787650262,0.998924218294359,0.000173654124363327,0.000173655410077627,-1.17533087483881,1,1
75,spatial_helix,hard,0.5,0.833333333333333,0.3,0.5,1.11022302462516e-16,0.789939563596258,0.0520725236844898,0.784100149877433,4.61491729185145,0.25328563035096,0.00494581016040464,0.25328563035096,0.130288642646765,0.996762393451611,0.000529479511172262,0.00052953457860958,-1.14117280827424,1,1
76,spatial_helix,mild,1,0.740740740740741,1.35,1,0,0.73060372096203,0.0136849767012601,0.729303684996465,4.27077277458863,0.251266358383938,0.00212133002116483,0.251266358383938,0.0548767346156238,0.997224101385358,0.000223465414719353,0.000223466398066318,-1.14718921124914,1,1
77,spatial_helix,moderate,1,1.85185185185185,0.54,1,0,1.81863770196421,0.0179356409393241,1.8161687924263,10.6112587186374,0.25740047118021,0.0127713875320342,0.25740047118021,0.343099028254746,0.982909467055578,0.00139554565114137,0.00139630583438091,-1.03639822310563,1,1
78,spatial_helix,hard,1,3.33333333333333,0.3,1,1.11022302462516e-16,3.1480703083543,0.0555789074937102,3.13383852961351,18.3482516902469,0.271896445689559,0.0435997402388661,0.271896445689559,1.06611797037303,0.949186584542934,0.00503218184528544,0.00523443852188597,-0.900769156603114,1,1
79,spatial_helix,mild,2,2,2,2,0,1.97266048127593,0.0136697593620337,1.96902880305863,11.4863320116003,0.258058782318718,0.00757402950985672,0.258058782318718,0.201538558334108,0.979978375986604,0.000814829721211743,0.000814936640856799,-1.0210644512268,1,1
80,spatial_helix,moderate,2,5,0.8,2,1.11022302462516e-16,4.92027883779014,0.015944232441972,4.9199217113691,27.3277024627804,0.286599673266409,0.0801191728188294,0.286599673266409,1.27536316150192,0.888650055924398,0.00644124081460168,0.00695655629471865,-0.740776360512138,1,1
81,spatial_helix,hard,2,9,0.444444444444444,2,0,8.73347512034633,0.029613875517074,8.73287048819084,43.7285619554064,0.348083420966908,0.409135574052891,0.409135574052891,4.11622449950817,0.722830683557596,0.143216136574691,0.228081234256925,-0.438928582352533,1,1
82,spatial_helix,mild,4,2,8,4,0,1.97287132885506,0.0135643355724676,1.96918027652253,11.4898158636454,0.254983804342146,0.00381331495623618,0.254983804342146,0.100836870207378,0.979961039027783,0.000407278272181453,0.000407288518312165,-1.02100196571813,1,1
83,spatial_helix,moderate,4,5,3.2,4,1.11022302462516e-16,4.9295307869687,0.0140938426062593,4.92228800637146,27.3732091066794,0.286708414916665,0.0424665000171269,0.286708414916665,0.64137628959682,0.888093077706366,0.00259215780384569,0.00261577259637309,-0.739948168500321,1,1
84,spatial_helix,hard,4,9,1.77777777777778,4,1.11022302462516e-16,8.87389853587558,0.0140112737916017,8.85693799477615,43.6918367506643,0.347322826938742,0.193656329549139,0.347322826938742,2.11584281054777,0.723235894668417,0.0228752060138739,0.0328049563437341,-0.439191370887492,1,1
85,spatial_helix,mild,6,2,18,6,1.48029736616688e-16,1.97302692841544,0.0134865357922781,1.9692083279312,11.4908458644552,0.25499843850345,0.0025450055196432,0.25499843850345,0.0672330769246507,0.979957949684285,0.000271521096010212,0.000271522832847858,-1.02099797040982,1,1
86,spatial_helix,moderate,6,5,7.2,6,0,4.93128183350852,0.0137436332982958,4.9227262840648,27.3816492709493,0.285545595975848,0.0285878531623413,0.285545595975848,0.42806425549414,0.887962821091377,0.00170379850591444,0.00170575888439101,-0.739799729625091,1,1
87,spatial_helix,hard,6,9,4,6,0,8.87377711028538,0.0140247655238469,8.85949363269447,43.7253688131814,0.347359974555266,0.134829098080448,0.347359974555266,1.41830812149374,0.722837355943345,0.00817520112557117,0.0110909186717879,-0.438564463737777,1,1
88,spatial_helix,mild,8,2,32,8,0,1.97264905169538,0.0136754741523086,1.96921814598088,11.4829897434301,0.255009815952456,0.00190934438264811,0.255009815952456,0.0498035013661185,0.980445336830807,0.000203641766694017,0.000203642395954909,-1.02098922993425,1,1
89,spatial_helix,moderate,8,5,12.8,8,1.11022302462516e-16,4.93189456031508,0.0136210879369834,4.92287968678879,27.3845976020416,0.279686271714952,0.0215242929980432,0.279686271714952,0.321150037914948,0.887959390088223,0.00127401908940185,0.00127443216350953,-0.739736800134599,1,1
90,spatial_helix,hard,8,9,7.11111111111111,8,1.11022302462516e-16,8.87423301434455,0.0139741095172717,8.86038821047482,43.7371016231485,0.347421026633914,0.102767740746649,0.347421026633914,1.06577774686952,0.722701435439711,0.00481479194417494,0.0058119770166239,-0.438319294516672,1,1
91,spatial_helix,mild,10,2,50,10,0,1.97190837732192,0.014045811339039,1.96922269034525,11.4671027075318,0.255019908720753,0.00152762693254923,0.255019908720753,0.0398427866943916,0.980445713201354,0.000162913856126273,0.000162914163645546,-1.02142356891607,1,1
92,spatial_helix,moderate,10,5,20,10,0,4.93217832213766,0.0135643355724678,4.92295069130632,27.3860003068525,0.279705389829864,0.0172656707228969,0.279705389829864,0.256969025277986,0.887934348108891,0.00101843953262793,0.00101877213509539,-0.739709386363853,1,1
93,spatial_helix,hard,10,9,11.1111111111111,10,1.77635683940025e-16,8.87696660066073,0.0136703777043628,8.86080229053724,43.7425328186093,0.347126986725929,0.0827937543466494,0.347126986725929,0.853378946314445,0.722641527650716,0.00356345395436192,0.00391234638420523,-0.438219068111985,1,1
94,spatial_helix,mild,12,2,72,12,1.48029736616688e-16,1.97129865465302,0.0143506726734909,1.96922515889149,11.4523593230517,0.25502936853962,0.00127305229322647,0.25502936853962,0.0332020594504703,0.980446468175428,0.000135761772461181,0.000135761947435699,-1.02184259391125,1,1
95,spatial_helix,moderate,12,5,28.8,12,0,4.93233263713695,0.0135334725726102,4.92298926191908,27.3867649071931,0.279720527711994,0.0144070073995211,0.279720527711994,0.214162273306807,0.887922417592825,0.000848596712859778,0.000848736595995487,-0.739691230477097,1,1
96,spatial_helix,hard,12,9,16,12,0,8.87678535118708,0.013690516534769,8.86102722778327,43.7455541879149,0.342551804287749,0.0692412163176423,0.342551804287749,0.71148957070895,0.722611578283076,0.00287381179208857,0.00300679794061334,-0.438150092290892,1,1
97,smooth_waypoints,mild,0.5,0.2,2.08557405541616,0.499992856849805,1.42863003895766e-05,0.19680838962151,0.0159580518924496,0.194630971046179,1.14128135463247,0.25079427695506,0.00138220767973144,0.25079427695506,0.0243613034249992,0.999802626200593,9.15416004359659e-05,0.000103121912886935,-1.20181135906607,1,1
98,smooth_waypoints,moderate,0.5,0.462962962962963,0.90096799193978,0.49995999444265,8.00111147003513e-05,0.457869998769103,0.0110008026587376,0.455597677056659,2.67168074349493,0.251982156645092,0.00742516410981095,0.251982156645092,0.120766997841682,0.998913035983407,0.000449587376561018,0.000548064829238718,-1.17510085085991,1,1
99,smooth_waypoints,hard,0.5,0.833333333333333,0.500537773299878,0.49985008059223,0.000299838815540965,0.821739701185024,0.0139123585779717,0.817661563351142,4.80594374256301,0.253924735841105,0.0218617115191939,0.253924735841105,0.342670172974445,0.996484173325747,0.00130823371347598,0.0017021227396065,-1.13785093442269,1,1
100,smooth_waypoints,mild,1,0.740740740740741,2.25241997984945,0.999939191199929,6.08088000708662e-05,0.732781410009242,0.0107450964875226,0.729144755253711,4.28557276995714,0.253422798528162,0.00965003289743865,0.253422798528162,0.158282823442661,0.997203981755185,0.000603263517921773,0.000702880436271374,-1.14693312122647,1,1
101,smooth_waypoints,moderate,1,1.85185185185185,0.90096799193978,0.9999199888853,8.00111147003513e-05,1.82420267073448,0.0149305578033815,1.81514949986119,10.662843522487,0.260886100920538,0.0516724197122244,0.260886100920538,0.833712882263031,0.982732995246477,0.003056869272464,0.00495487030172949,-1.03562874930368,1,1
102,smooth_waypoints,hard,1,3.33333333333333,0.500537773299878,0.999598736237357,0.000401263762642934,3.23618409802917,0.0291447705912478,3.2201235319052,18.8230656291484,0.274508896484388,0.142519622279106,0.274508896484388,2.17190977134919,0.946548341047353,0.0080632515529346,0.0292880472046079,-0.893206005848413,1,1
103,smooth_waypoints,mild,2,2,3.33691848866585,1.99990905689795,4.54715510260773e-05,1.97738457010003,0.0113077149499837,1.96757118659692,11.5700356454791,0.262158019365877,0.034479905356375,0.262158019365877,0.557737065348934,0.979680274691909,0.00217222186390461,0.00274178748606238,-1.01979525980931,1,1
104,smooth_waypoints,moderate,2,5,1.33476739546634,1.99460613832492,0.00269693083754097,4.88763524017811,0.0224729519643772,4.86337883615816,27.8790301312592,0.29505522045935,0.171432998040364,0.29505522045935,2.71387341866105,0.883936830049207,0.0108895396648827,0.0376006240731698,-0.735149608342851,1,1
105,smooth_waypoints,hard,2,9,0.741537441925745,1.99980862425703,9.56878714845066e-05,8.59145407864577,0.0453939912615806,8.54881632623384,44.8216276729525,0.355813218490876,0.430921339646889,0.430921339646889,6.6844494632647,0.7093047048246,0.0957629325694976,0.365967484653971,-0.439445497400006,1,1
106,smooth_waypoints,mild,4,2,13.3476739546634,3.9998181137959,4.54715510260773e-05,1.96759336367446,0.0162033181627712,1.94582460500008,11.5653145201996,0.262186385371048,0.0179785011145715,0.262186385371048,0.302277328213335,0.979777806125291,0.00107029402109198,0.00133314377887547,-1.01987765898984,1,1
107,smooth_waypoints,moderate,4,5,5.33906958186536,3.99999533049826,1.16737543376377e-06,4.9358983684795,0.0128203263041009,4.91140244373391,28.1181148593297,0.295642181406438,0.104508062154814,0.295642181406438,1.64098862544755,0.882298317102973,0.00662750705062449,0.0127477376866054,-0.730976792646785,1,1
108,smooth_waypoints,hard,4,9,2.96614976770298,3.99961724851406,9.56878714843956e-05,8.81177268355888,0.0209141462712355,8.76804153181756,45.6076474192644,0.359572128514938,0.27507666070499,0.359572128514938,4.35674466844059,0.699567971722768,0.0250151418214494,0.112830656810563,-0.425726864841173,1,1
109,smooth_waypoints,mild,6,2,30.0322663979927,5.99996968532632,5.05244561314437e-06,1.96823532384434,0.0158823380778318,1.94645946274917,11.5396693069854,0.262202852133082,0.0118040510399389,0.262202852133082,0.206506662841041,0.979786435375503,0.000778547054799067,0.000884948570151825,-1.0203252523978,1,1
110,smooth_waypoints,moderate,6,5,12.0129065591971,5.99877695172283,0.000203841379528669,4.94639391894246,0.0107212162115074,4.92184590677629,28.1805691895725,0.295826375151156,0.0734383930352177,0.295826375151156,1.20328003147469,0.881760825685715,0.00446224720424176,0.00718644829420648,-0.729886758951921,1,1
111,smooth_waypoints,hard,6,9,6.67383697733171,5.99942587277109,9.56878714849137e-05,8.88111315513754,0.0132096494291623,8.83703787982503,45.748336716637,0.360288370529553,0.210227417469293,0.360288370529553,3.36396408411229,0.697811253629094,0.0167643957591511,0.0532555086425682,-0.423271373379704,1,1
112,smooth_waypoints,mild,8,2,53.3906958186536,7.99998153095288,2.30863089045741e-06,1.9683762555891,0.0158118722054492,1.94659883527484,11.5338106239911,0.262213923542323,0.00606432730074307,0.262213923542323,0.156207293214257,0.979806885654049,0.000484339258520725,0.000632802318227005,-1.02042750570588,1,1
113,smooth_waypoints,moderate,8,5,21.3562783274615,7.99998153095288,2.30863089045741e-06,4.91845760487172,0.0163084790256564,4.86404152549918,28.1943071251919,0.295872274758532,0.0558104712412628,0.295872274758532,0.930906887467725,0.881675407364568,0.00326645017770855,0.00481119982032363,-0.729646986742935,1,1
114,smooth_waypoints,hard,8,9,11.8645990708119,7.99963376457608,4.57794279905555e-05,8.89540375772923,0.0116218046967526,8.85125756087427,45.8014357588589,0.360552295498504,0.169900617501381,0.360552295498504,2.72553453332637,0.697227973577956,0.0125343301505814,0.0316282440879605,-0.422344620263275,1,1
115,smooth_waypoints,mild,10,2,83.4229622166463,9.9998571369961,1.42863003901539e-05,1.96844640528953,0.0157767973552354,1.94666820886374,10.9338262127535,0.262223473082518,0.00490492592001259,0.262223473082518,0.126332798569849,0.981846903635422,0.000417619376279045,0.000513909083621029,-1.03089920914262,1,1
116,smooth_waypoints,moderate,10,5,33.3691848866585,9.99954528448974,4.54715510258552e-05,4.91898340918615,0.0162033181627695,4.86456151250022,28.2044887155721,0.295887899345522,0.0451951600989785,0.295887899345522,0.76177317482839,0.881693896903871,0.00267840819069652,0.00369073447334127,-0.72946928446771,1,1
117,smooth_waypoints,hard,10,9,18.5384360481436,9.99904312128515,9.56878714848841e-05,8.89787586986552,0.0113471255704977,8.85371740438825,45.8506347718502,0.360685209976881,0.140605789780785,0.360685209976881,2.28363627631462,0.696983714947788,0.00916166456770639,0.0200073561561109,-0.421485935497845,1,1
118,smooth_waypoints,mild,12,2,120.129065591971,11.9999393706526,5.05244561314437e-06,1.96845980718296,0.0157700964085223,1.94668146248334,10.9392400224227,0.262232851313202,0.00411723990331232,0.262232851313202,0.106039744509568,0.981828977075555,0.000365077474538246,0.000432534906607821,-1.03080472033882,1,1
119,smooth_waypoints,moderate,12,5,48.0516262367883,11.9999722964293,2.30863089030938e-06,4.92007872813902,0.0159842543721968,4.86564471323069,28.2173370933526,0.295925823408617,0.0379079163308128,0.295925823408617,0.643724940806882,0.881728806300693,0.00233036701063203,0.00299859534686893,-0.729245037971902,1,1
120,smooth_waypoints,hard,12,9,26.6953479093268,11.9997506690151,2.07775820769325e-05,8.90216006168462,0.010871104257264,8.85798033457825,45.8729612916942,0.360766527107773,0.117351757133418,0.360766527107773,1.96202309397858,0.696872843166598,0.00802468417457331,0.0151132270557002,-0.421096264216055,1,1
